"","PointGrp","Season","AirTemp_v1","AirTemp_v2","AirTemp_v3","WeatherCondition_v1","WeatherCondition_v2","WeatherCondition_v3","TimeofDay_v1","TimeofDay_v2","TimeofDay_v3","Julian_v1","Julian_v2","Julian_v3","firstObsCat_v1","firstObsCat_v2","firstObsCat_v3","ObsNo_v1","ObsNo_v2","ObsNo_v3","damp_v1","damp_v2","damp_v3","ImpWindspeed_v1","ImpWindspeed_v2","ImpWindspeed_v3","VTLength_v1","VTLength_v2","VTLength_v3","allhum.ln_v1","allhum.ln_v2","allhum.ln_v3","trwid_v1","trwid_v2","trwid_v3","season_v1","season_v2","season_v3"
"1","BAR_P01","1",62,75,73,"1","1","1",13.7,13.85,11.2,14,30,52,"CL","CL","KA",1,1,1,"damp","damp","damp",1.7,1.7,0.7,"200","200","400",3.75131239468716,3.75131239468716,3.75131239468716,2.86,2.86,2.86,"1","1","1"
"2","BAR_P01","2",73,78,63.8,"1","3","1",14.4,10.16666667,15.71666667,109,151,162,"KA","KA","CL",1,1,1,"dry","damp","dry",1.7,0,7.5,"400","400","400",3.59625796423354,3.59625796423354,3.59625796423354,2.86,2.86,2.86,"2","2","2"
"3","BAR_P01","3",86,91,87,"1","1","1",14.23333333,11.05,15.16666667,218,247,269,"CL","KA","KA",1,1,1,"dry","dry","dry",6.2,1.7,3.1,"400","400","400",3.14049839651372,3.14049839651372,3.14049839651372,2.86,2.86,2.86,"3","3","3"
"4","BAR_P01","5",64.9,67.6,NA,"1","1",NA,15.38333333,15.36666667,NA,119,138,NA,"CL","CL",NA,2,1,NA,"dry","dry",NA,7.3,4.5,NA,"400","400",NA,3.59625796416392,3.59625796416392,NA,2.86,2.86,2.86,"5","5","5"
"5","BAR_P02","1",65,69,81,"1","1","1",14.58333333,14.43333333,12.21666667,14,30,52,"CL","CL","KA",1,1,1,"damp","damp","damp",1.7,0.7,0.7,"200","200","400",3.40631248232892,3.40631248232892,3.40631248232892,2.62,2.62,2.62,"1","1","1"
"6","BAR_P02","2",73,79,66,"1","3","1",14.88333333,10.71666667,16.46666667,109,151,162,"KA","KA","CL",1,1,1,"dry","dry","dry",1.7,0,3.2,"400","400","400",3.33904916386517,3.33904916386517,3.33904916386517,2.62,2.62,2.62,"2","2","2"
"7","BAR_P02","3",85.7,95,72,"1","1","3",13.66666667,10.71666667,14.31666667,218,247,293,"CL","KA","KA",1,1,1,"dry","dry","dry",0.7,1.7,1.1,"400","400","400",3.63047592154388,3.63047592154388,3.63047592154388,2.62,2.62,2.62,"3","3","3"
"8","BAR_P02","5",65.4,68.3,NA,"1","1",NA,15.71666667,15.95,NA,119,138,NA,"CL","CL",NA,2,1,NA,"dry","dry",NA,4.4,1.9,NA,"400","400",NA,3.33904916388973,3.33904916388973,NA,2.62,2.62,2.62,"5","5","5"
"9","BAR_P03","1",63,71,72,"1","1","3",15.41666667,15.08333333,13,14,30,52,"CL","CL","KA",1,1,1,"damp","damp","damp",1.7,0.7,0.7,"200","200","400",3.41520142974617,3.41520142974617,3.41520142974617,2.78,2.78,2.78,"1","1","1"
"10","BAR_P03","2",73,76,62.3,"1","3","1",15.51666667,11.6,17.31666667,109,151,162,"KA","KA","CL",1,1,1,"dry","dry","dry",1.7,0.7,6.4,"400","400","400",3.28004328574619,3.28004328574619,3.28004328574619,2.78,2.78,2.78,"2","2","2"
"11","BAR_P03","3",87.3,84.6,85,"1","3","1",12.83333333,9.75,15.76666667,218,247,269,"CL","KA","KA",1,1,1,"dry","dry","dry",2,0.7,2.4,"400","400","400",2.68732407058509,2.68732407058509,2.68732407058509,2.78,2.78,2.78,"3","3","3"
"12","BAR_P03","5",66.3,72.4,NA,"1","1",NA,16.25,16.68333333,NA,119,138,NA,"CL","CL",NA,2,1,NA,"dry","dry",NA,2,2.4,NA,"400","400",NA,3.28004328567383,3.28004328567383,NA,2.78,2.78,2.78,"5","5","5"
"13","BDO_P01","1",79,81,85,"1","1","1",10.73333333,14.4,14.4,62,89,113,"CL","KA","CL",1,1,1,"damp","damp","dry",1.7,3.9,1.7,"200","400","200",0.961411167154625,0.961411167154625,0.961411167154625,2.72,2.72,2.72,"1","1","1"
"14","BDO_P01","2",94,92,72.3,"1","1","1",13.08333333,13.01666667,9.1,179,192,218,"KA","KA","CL",1,1,1,"dry","dry","dry",0.6,1.6,1.2,"400","400","400",0.336472236621213,0.336472236621213,0.336472236621213,2.72,2.72,2.72,"2","2","2"
"15","BDO_P01","3",78.6,68,72,"1","3","3",12.36666667,12.65,14.88333333,274,293,312,"CL","KA","KA",2,1,1,"dry","dry","dry",0.7,1.6,1.4,"400","400","400",0.328504066972036,0.328504066972036,0.328504066972036,2.72,2.72,2.72,"3","3","3"
"16","BDO_P01","5",64.8,73.3,NA,"1","1",NA,14.03333333,12.88333333,NA,119,147,NA,"CL","CL",NA,2,1,NA,"dry","dry",NA,2.3,1.4,NA,"400","400",NA,0.961411167389919,0.961411167389919,NA,2.72,2.72,2.72,"5","5","5"
"17","BDO_P02","1",77,80,85,"1","1","1",11.53333333,14.01666667,15.11666667,62,89,113,"CL","KA","CL",1,1,1,"damp","damp","dry",0.7,3.9,3.9,"200","400","200",0.673729094702844,0.673729094702844,0.673729094702844,2.52,2.52,2.52,"1","1","1"
"18","BDO_P02","2",89,93,74,"1","1","1",13.75,13.66666667,9.7,179,192,218,"KA","KA","CL",1,1,1,"dry","dry","dry",3.2,1.3,2.7,"400","400","400",0.253448900809539,0.253448900809539,0.253448900809539,2.52,2.52,2.52,"2","2","2"
"19","BDO_P02","3",75.2,68,73,"1","3","3",12.95,13.11666667,14.55,274,293,312,"CL","KA","KA",2,1,1,"dry","dry","dry",0.7,3.5,2.4,"400","400","400",0.379489621704904,0.379489621704904,0.379489621704904,2.52,2.52,2.52,"3","3","3"
"20","BDO_P02","5",64.2,70.9,NA,"1","1",NA,14.45,13.46666667,NA,119,147,NA,"CL","CL",NA,2,1,NA,"dry","dry",NA,4,2.7,NA,"400","400",NA,0.673729094938138,0.673729094938138,NA,2.52,2.52,2.52,"5","5","5"
"21","BDO_P03","1",71,81,84,"1","1","1",12.16666667,12.73333333,12.11666667,62,89,113,"CL","KA","CL",1,1,1,"damp","damp","dry",1.7,1.7,1.7,"200","400","200",0,0,0,2.65,2.65,2.65,"1","1","1"
"22","BDO_P03","2",90,88,77.6,"1","1","1",11.26666667,11.81666667,10.35,179,192,218,"KA","KA","CL",1,1,1,"dry","dry","dry",0.7,1.7,2.2,"400","400","400",0,0,0,2.65,2.65,2.65,"2","2","2"
"23","BDO_P03","3",72.7,65,73,"1","3","3",11.26666667,11.66666667,13.95,274,293,312,"CL","KA","KA",2,1,1,"dry","dry","dry",1.7,1.7,2.3,"400","400","400",0.0377403279828471,0.0377403279828471,0.0377403279828471,2.65,2.65,2.65,"3","3","3"
"24","BDO_P03","5",64.1,69.4,NA,"1","1",NA,13.05,12.18333333,NA,119,147,NA,"CL","CL",NA,2,1,NA,"dry","dry",NA,4.2,1.7,NA,"400","400",NA,0,0,NA,2.65,2.65,2.65,"5","5","5"
"25","BDO_P04","1",70,78,88,"1","1","1",12.86666667,13.43333333,13.26666667,62,89,113,"CL","KA","CL",1,1,1,"damp","damp","dry",1.7,3.9,1.7,"200","400","200",0.0741079721537219,0.0741079721537219,0.0741079721537219,2.32,2.32,2.32,"1","1","1"
"26","BDO_P04","2",92,92,78,"1","1","1",12.11666667,12.48333333,11.21666667,179,192,218,"KA","KA","CL",1,1,1,"dry","dry","dry",1.3,1.7,4.2,"400","400","400",0.100083458556983,0.100083458556983,0.100083458556983,2.32,2.32,2.32,"2","2","2"
"27","BDO_P04","3",67.6,63,74,"1","3","3",11.76666667,12.18333333,13.56666667,274,293,312,"CL","KA","KA",2,1,1,"dry","dry","dry",1.7,4.3,2.1,"400","400","400",0.175890666463664,0.175890666463664,0.175890666463664,2.32,2.32,2.32,"3","3","3"
"28","BDO_P04","5",63.7,68.9,NA,"1","1",NA,13.31666667,11.63333333,NA,119,147,NA,"CL","CL",NA,2,1,NA,"dry","dry",NA,2.5,1.3,NA,"400","400",NA,0.0741079722251505,0.0741079722251505,NA,2.32,2.32,2.32,"5","5","5"
"29","BLS_P01","1",69,65,84,"1","1","1",15.06666667,13.03333333,12.21666667,32,54,76,"KA","KA","KA",1,1,1,"damp","damp","dry",0.7,3.9,0.7,"400","400","400",5.11198778835654,5.11198778835654,5.11198778835654,7.12,7.12,7.12,"1","1","1"
"30","BLS_P01","2",81,85,72.5,"1","1","1",16.76666667,12.66666667,12.58333333,121,142,159,"KA","KA","CL",2,1,2,"dry","dry","dry",1.7,2.8,4.5,"400","400","400",5.47710705259722,5.47710705259722,5.47710705259722,7.12,7.12,7.12,"2","2","2"
"31","BLS_P01","3",89,102,88,"1","1","1",15.65,16.78333333,12.96666667,220,241,278,"KA","KA","KA",2,2,1,"dry","dry","dry",3.6,2.4,3.6,"400","400","400",4.79085147716388,4.79085147716388,4.79085147716388,7.12,7.12,7.12,"3","3","3"
"32","BLS_P01","5",84.2,60.4,NA,"1","3",NA,13.5,16.13333333,NA,126,144,NA,"CL","CL",NA,1,1,NA,"dry","dry",NA,4.8,4.3,NA,"400","400",NA,5.4771070526104,5.4771070526104,NA,7.12,7.12,7.12,"5","5","5"
"33","BLS_P02","1",65,62,80,"3","1","1",12.3,12.46666667,11.65,36,54,76,"KA","KA","KA",1,1,1,"damp","damp","damp",0.7,1.7,1.7,"400","400","400",4.72089983283263,4.72089983283263,4.72089983283263,4.14,4.14,4.14,"1","1","1"
"34","BLS_P02","2",81,82,73,NA,"1","1",16.15,12,11.48333333,121,142,159,"KA","KA","CL",2,1,2,"dry","dry","dry",1.7,1,2.1,"400","400","400",5.31755422296632,5.31755422296632,5.31755422296632,4.14,4.14,4.14,"2","2","2"
"35","BLS_P02","3",91,102,87,"1","1","1",15.06666667,16.31666667,12.45,220,241,278,"KA","KA","KA",2,2,1,"dry","dry","dry",1.3,0.9,0,"400","400","400",5.01012234204602,5.01012234204602,5.01012234204602,4.14,4.14,4.14,"3","3","3"
"36","BLS_P02","5",83.7,64.1,NA,"1","3",NA,13.15,15.55,NA,126,144,NA,"CL","CL",NA,1,1,NA,"dry","dry",NA,2.2,0,NA,"400","400",NA,5.31755422275731,5.31755422275731,NA,4.14,4.14,4.14,"5","5","5"
"37","BLS_P03","1",71,62,71,"1","1","1",13.53333333,11.65,11.13333333,32,54,76,"KA","KA","KA",1,1,1,"damp","damp","damp",0.7,3.9,0.7,"400","400","400",1.33702331211311,1.33702331211311,1.33702331211311,8.31,8.31,8.31,"1","1","1"
"38","BLS_P03","2",85,84,77,"1","1","1",15.25,11.25,10.58333333,121,142,159,"KA","KA","CL",2,1,2,"dry","dry","dry",1.7,1.5,1.4,"400","400","400",1.19625075823202,1.19625075823202,1.19625075823202,8.31,8.31,8.31,"2","2","2"
"39","BLS_P03","3",91,102,87,"1","1","1",14.3,15.73333333,11.96666667,220,241,278,"KA","KA","KA",2,2,1,"dry","dry","dry",3.9,3.8,1.3,"400","400","400",0.352821374622742,0.352821374622742,0.352821374622742,8.31,8.31,8.31,"3","3","3"
"40","BLS_P03","5",85.7,64.5,NA,"1","3",NA,14.18333333,14.91666667,NA,126,144,NA,"CL","CL",NA,1,1,NA,"dry","dry",NA,4.6,3.1,NA,"400","400",NA,1.19625075832505,1.19625075832505,NA,8.31,8.31,8.31,"5","5","5"
"41","BMT_P03","1",57,60,75,"3","3","1",13.16666667,11.1,9.933333333,22,48,61,"CL","KA","KA",2,1,1,"damp","damp","damp",6.05,6.05,0.7,"200","400","400",3.33357719398718,3.33357719398718,3.33357719398718,2.91,2.91,2.91,"1","1","1"
"42","BMT_P03","2",81,85,79.5,"1","1","1",15.6,15.3,15.65,120,154,166,"KA","KA","CL",1,1,1,"dry","dry","dry",1.7,1.1,3.3,"400","400","400",3.19759842642092,3.19759842642092,3.19759842642092,2.91,2.91,2.91,"2","2","2"
"43","BMT_P03","3",88,97,74,"1","1","1",12.93333333,11.3,17.05,224,244,264,"KA","KA","KA",1,1,1,"dry","dry","dry",2.3,1.9,0.9,"400","400","400",2.82069183725817,2.82069183725817,2.82069183725817,2.91,2.91,2.91,"3","3","3"
"44","BMT_P03","5",64.9,62,NA,"1","3",NA,10.4,13.48333333,NA,114,144,NA,"CL","CL",NA,1,1,NA,"dry","dry",NA,3.9,2.5,NA,"400","400",NA,3.19759842644027,3.19759842644027,NA,2.91,2.91,2.91,"5","5","5"
"45","BMT_P04","1",59,63,77,"3","3","1",13.83333333,11.93333333,10.68333333,22,48,61,"CL","KA","KA",2,1,1,"damp","damp","damp",6.05,6.05,1.7,"200","400","400",2.20148897612268,2.20148897612268,2.20148897612268,2.81,2.81,2.81,"1","1","1"
"46","BMT_P04","2",NA,81,81.5,"1","1","1",16,16.06666667,14.78333333,120,154,166,"KA","KA","CL",1,1,1,"dry","dry","dry",1.7,3.6,4.6,"400","400","400",2.36230432769567,2.36230432769567,2.36230432769567,2.81,2.81,2.81,"2","2","2"
"47","BMT_P04","3",82,99,71,"1","1","1",13.41666667,11.73333333,16.61666667,224,244,264,"KA","KA","KA",1,1,1,"dry","dry","dry",4.3,2.4,4.7,"400","400","400",1.12492959698548,1.12492959698548,1.12492959698548,2.81,2.81,2.81,"3","3","3"
"48","BMT_P04","5",63.1,62.3,NA,"1","3",NA,9.85,12.71666667,NA,114,144,NA,"CL","CL",NA,1,1,NA,"dry","dry",NA,3.1,3.1,NA,"400","400",NA,2.36230432775364,2.36230432775364,NA,2.81,2.81,2.81,"5","5","5"
"49","BMT_P05","1",75,82,75,"1","1","1",11.83333333,14.38333333,10.65,75,92,116,"KA","KA","CL",1,1,1,"damp","dry","dry",0.7,0.7,1.7,"400","200","200",0.767255152713667,0.767255152713667,0.767255152713667,1.59,1.59,1.59,"1","1","1"
"50","BMT_P05","2",89,86,93,"1","3","1",14.33333333,17.08333333,15.28333333,171,190,213,"KA","KA","KA",1,1,1,"dry","dry","dry",0.7,0.7,1.5,"400","400","400",0.784954729813068,0.784954729813068,0.784954729813068,1.59,1.59,1.59,"2","2","2"
"51","BMT_P05","3",77.8,85.1,74.9,"1","1","1",16.23333333,11.43333333,13.05,273,286,310,"CL","KA","CL",2,1,1,"dry","dry","dry",1.7,1.7,1.6,"400","400","400",0.900786545338188,0.900786545338188,0.900786545338188,1.59,1.59,1.59,"3","3","3"
"52","BMT_P05","5",61.3,64.3,NA,"1","1",NA,9.883333333,16.8,NA,123,137,NA,"CL","CL",NA,2,1,NA,"dry","dry",NA,2.1,5.6,NA,"400","400",NA,0.767255152785096,0.767255152785096,NA,1.59,1.59,1.59,"5","5","5"
"53","BMT_P06","1",82,79,75,"1","1","1",9.766666667,15.88333333,11.81666667,69,92,116,"KA","KA","CL",1,1,1,"damp","dry","dry",0.7,1.7,1.7,"400","200","200",2.23290517235606,2.23290517235606,2.23290517235606,1.17,1.17,1.17,"1","1","1"
"54","BMT_P06","2",87,85,90,"1","1","3",15.46666667,18.36666667,16.4,171,190,213,"KA","KA","KA",1,1,1,"dry","dry","dry",1.7,0,0.6,"400","400","400",2.10787947700037,2.10787947700037,2.10787947700037,1.17,1.17,1.17,"2","2","2"
"55","BMT_P06","3",73.8,78.3,72.5,"1","3","1",17.13333333,10.16666667,13.85,273,286,310,"CL","KA","CL",2,1,1,"dry","dry","dry",1.7,0.7,2.7,"400","400","400",2.15800386418294,2.15800386418294,2.15800386418294,1.17,1.17,1.17,"3","3","3"
"56","BMT_P06","5",66.2,68,NA,"1","1",NA,11.1,15.91666667,NA,123,137,NA,"CL","CL",NA,2,1,NA,"dry","dry",NA,3.1,1.4,NA,"400","400",NA,2.2329051723643,2.2329051723643,NA,1.17,1.17,1.17,"5","5","5"
"57","BMT_P07","1",81,69,80,"1","1","1",12.98333333,17.65,14.95,75,88,120,"KA","KA","KA",1,1,1,"damp","damp","dry",0.7,1.7,0.7,"400","400","400",2.62243644837922,2.62243644837922,2.62243644837922,1.33,1.33,1.33,"1","1","1"
"58","BMT_P07","2",80.6,78,84,"1","1","1",16.98333333,18.75,11.96666667,166,185,224,"CL","KA","KA",1,1,1,"dry","dry","dry",3,0,1.6,"400","400","400",1.51258808644418,1.51258808644418,1.51258808644418,1.33,1.33,1.33,"2","2","2"
"59","BMT_P07","3",79,64.1,77,"3","3","1",12.86666667,17.15,12.01666667,276,304,322,"KA","CL","KA",1,1,1,"dry","dry","dry",0.9,2.1,0.7,"400","400","400",0.946596081369484,0.946596081369484,0.946596081369484,1.33,1.33,1.33,"3","3","3"
"60","BMT_P07","5",71.1,70.2,NA,"1","1",NA,11.06666667,15.33333333,NA,114,152,NA,"CL","CL",NA,1,2,NA,"dry","dry",NA,3.7,5.4,NA,"400","400",NA,2.62243644865296,2.62243644865296,NA,1.33,1.33,1.33,"5","5","5"
"61","BMT_P08","1",56,62,83,"3","3","1",10,12.48333333,13.1,22,36,61,"CL","CL","KA",2,1,1,"damp","damp","damp",1.7,1.7,0.7,"200","200","400",4.23883333113762,4.23883333113762,4.23883333113762,3.7,3.7,3.7,"1","1","1"
"62","BMT_P08","2",75,85,74,"1","1","1",14.5,15.38333333,19.4,116,155,166,"CL","KA","KA",1,1,1,"dry","dry","dry",1.7,0.6,0,"200","400","400",4.38228701743801,4.38228701743801,4.38228701743801,3.7,3.7,3.7,"2","2","2"
"63","BMT_P08","3",84,96,67,"1","1","3",10.58333333,12.73333333,14.68333333,229,243,264,"KA","KA","KA",1,1,1,"dry","dry","dry",0.8,2.3,3.6,"400","400","400",4.09945966288887,4.09945966288887,4.09945966288887,3.7,3.7,3.7,"3","3","3"
"64","BMT_P08","5",76.4,67.1,NA,"1","1",NA,14.38333333,13.4,NA,114,123,NA,"CL","CL",NA,1,2,NA,"dry","dry",NA,2.8,4.9,NA,"400","400",NA,4.38228701743385,4.38228701743385,NA,3.7,3.7,3.7,"5","5","5"
"65","BMT_P09","1",57,66,82,"3","3","1",10.95,13.41666667,13.73333333,22,36,61,"CL","CL","KA",2,1,1,"damp","damp","damp",3.9,1.7,0.7,"200","200","400",2.14006616349627,2.14006616349627,2.14006616349627,1.17,1.17,1.17,"1","1","1"
"66","BMT_P09","2",76,84,77,"1","1","1",15.51666667,16.06666667,18.93333333,116,155,166,"CL","KA","KA",1,1,1,"dry","dry","dry",1.7,0.8,0.2,"200","400","400",1.32687094064909,1.32687094064909,1.32687094064909,1.17,1.17,1.17,"2","2","2"
"67","BMT_P09","3",84,103,70,"1","1","3",11.38333333,12.03333333,13.86666667,229,243,264,"KA","KA","KA",1,1,1,"dry","dry","dry",1.5,0.8,1.5,"400","400","400",0.885038188370051,0.885038188370051,0.885038188370051,1.17,1.17,1.17,"3","3","3"
"68","BMT_P09","5",71.2,68,NA,"1","1",NA,14.93333333,12.68333333,NA,114,123,NA,"CL","CL",NA,1,2,NA,"dry","damp",NA,3.4,4,NA,"400","400",NA,1.32687094058787,1.32687094058787,NA,1.17,1.17,1.17,"5","5","5"
"69","BMT_P10","1",54,61,83,"3","3","1",12.3,13.2,11.98333333,22,48,61,"CL","KA","KA",2,1,1,"damp","damp","damp",1.7,6.05,0.7,"200","400","400",2.94038217847082,2.94038217847082,2.94038217847082,4.37,4.37,4.37,"1","1","1"
"70","BMT_P10","2",78,85,80,"1","1","1",17,17.06666667,18.05,124,154,166,"KA","KA","CL",1,1,1,"dry","dry","dry",1.5,0,4.1,"400","400","400",2.80801155208227,2.80801155208227,2.80801155208227,4.37,4.37,4.37,"2","2","2"
"71","BMT_P10","3",84,99,68,"1","1","3",12.9,14.5,15.96666667,229,243,264,"KA","KA","KA",1,1,1,"dry","dry","dry",1.9,1.9,1.8,"400","400","400",1.53769400757526,1.53769400757526,1.53769400757526,4.37,4.37,4.37,"3","3","3"
"72","BMT_P10","5",69.4,67.6,NA,"1","1",NA,16.36666667,14.58333333,NA,114,123,NA,"CL","CL",NA,1,2,NA,"dry","dry",NA,4.5,6.6,NA,"400","400",NA,2.80801155178528,2.80801155178528,NA,4.37,4.37,4.37,"5","5","5"
"73","CRE_P01","1",62,78,76,"3","1","1",15.75,12.85,14.23333333,18,33,61,"KA","KA","CL",1,1,1,"damp","damp","damp",1.7,0.7,1.7,"400","400","200",2.47847575945771,2.47847575945771,2.47847575945771,2.26,2.26,2.26,"1","1","1"
"74","CRE_P01","2",75,87,93.8,"1","1","1",15.6,11.88333333,12.31666667,117,143,167,"CL","KA","CL",1,1,1,"dry","dry","dry",1.7,1,1.8,"200","400","400",2.62800749342867,2.62800749342867,2.62800749342867,2.26,2.26,2.26,"2","2","2"
"75","CRE_P01","3",87,74,79,"1","1","1",11.8,10.45,10.08333333,206,230,268,"KA","KA","KA",1,1,1,"dry","dry","dry",0.9,1.3,1.1,"400","400","400",1.76578398282479,1.76578398282479,1.76578398282479,2.26,2.26,2.26,"3","3","3"
"76","CRE_P01","5",81.1,65.9,NA,"1","1",NA,9.85,12.85,NA,125,146,NA,"CL","CL",NA,2,1,NA,"dry","dry",NA,2.3,2.5,NA,"400","400",NA,2.62800749341756,2.62800749341756,NA,2.26,2.26,2.26,"5","5","5"
"77","CRE_P02","1",74,63,74,"1","3","1",13.43333333,10.91666667,14.06666667,61,82,117,"CL","KA","CL",1,1,1,"damp","damp","dry",1.7,0.7,1.7,"200","400","200",2.8533708014812,2.8533708014812,2.8533708014812,7.14,7.14,7.14,"1","1","1"
"78","CRE_P02","2",86,79,81,"1","1","1",11.75,16.63333333,12.78333333,167,180,206,"CL","KA","KA",1,1,1,"dry","dry","dry",3.1,1.2,1.7,"400","400","400",2.51955578520117,2.51955578520117,2.51955578520117,7.14,7.14,7.14,"2","2","2"
"79","CRE_P02","3",89,87,71.9,"1","1","1",11.58333333,12.31666667,12.26666667,268,283,302,"KA","KA","CL",1,1,1,"dry","dry","dry",1.3,2.7,3.1,"400","400","400",2.30258509299405,2.30258509299405,2.30258509299405,7.14,7.14,7.14,"3","3","3"
"80","CRE_P02","5",85.1,67.1,NA,"1","1",NA,10.36666667,15.6,NA,125,146,NA,"CL","CL",NA,2,1,NA,"dry","dry",NA,1.6,3.5,NA,"400","400",NA,2.85337080147233,2.85337080147233,NA,7.14,7.14,7.14,"5","5","5"
"81","CRE_P03","1",75,64,75,"1","3","1",12.73333333,11.43333333,13.01666667,61,82,117,"CL","KA","CL",1,1,1,"damp","damp","dry",1.7,0.7,0.7,"200","400","200",2.20996360311365,2.20996360311365,2.20996360311365,2.56,2.56,2.56,"1","1","1"
"82","CRE_P03","2",83.6,81,90,"1",NA,"1",10.68333333,16.2,13.36666667,167,180,206,"CL","KA","KA",1,1,1,"dry","dry","dry",2,1.1,1.2,"400","400","400",1.58214577014609,1.58214577014609,1.58214577014609,2.56,2.56,2.56,"2","2","2"
"83","CRE_P03","3",85,87,72.4,"1","1","1",10.95,12.83333333,11.83333333,268,283,302,"KA","KA","CL",1,1,1,"dry","dry","dry",0.5,1.4,1.4,"400","400","400",1.56218502758355,1.56218502758355,1.56218502758355,2.56,2.56,2.56,"3","3","3"
"84","CRE_P03","5",85.5,64.7,NA,"1","1",NA,10.71666667,15,NA,125,146,NA,"CL","CL",NA,2,1,NA,"dry","dry",NA,1.8,1.2,NA,"400","400",NA,2.20996360318116,2.20996360318116,NA,2.56,2.56,2.56,"5","5","5"
"85","CRE_P04","1",71,75,72,"1","1","1",11.86666667,14.93333333,12.15,61,85,117,"CL","KA","CL",1,2,1,"damp","damp","dry",0.7,0.7,0.7,"200","400","200",2.39087770013972,2.39087770013972,2.39087770013972,1.22,1.22,1.22,"1","1","1"
"86","CRE_P04","2",80.1,83,87,"1","1","1",9.75,13.98333333,14.55,167,180,206,"CL","KA","KA",1,1,1,"dry","dry","dry",1.4,1.3,1.7,"400","400","400",1.85389125033506,1.85389125033506,1.85389125033506,1.22,1.22,1.22,"2","2","2"
"87","CRE_P04","3",94,90,67.1,"1","1","1",12.75,14.13333333,11.16666667,268,283,302,"KA","KA","CL",1,1,1,"dry","dry","dry",1.1,1.8,3.3,"400","400","400",1.8951950564763,1.8951950564763,1.8951950564763,1.22,1.22,1.22,"3","3","3"
"88","CRE_P04","5",86,64.1,NA,"1","1",NA,11.06666667,14.46666667,NA,125,146,NA,"CL","CL",NA,2,1,NA,"dry","dry",NA,4.2,2.8,NA,"400","400",NA,2.39087770013268,2.39087770013268,NA,1.22,1.22,1.22,"5","5","5"
"89","CRE_P05","1",75,80,69,"1","1","1",11.33333333,14.4,11.45,61,85,117,"CL","KA","CL",1,2,1,"damp","damp","dry",1.7,0.7,0.7,"200","400","200",3.99324844535073,3.99324844535073,3.99324844535073,4.69,4.69,4.69,"1","1","1"
"90","CRE_P05","2",78.2,88,87,"1","1","1",9.233333333,13.26666667,14.95,167,180,206,"CL","KA","KA",1,1,1,"dry","dry","dry",1.2,1.1,1.9,"200","400","400",3.35729907895776,3.35729907895776,3.35729907895776,4.69,4.69,4.69,"2","2","2"
"91","CRE_P05","3",94,89,67.9,"1","1","1",13.15,13.65,10.45,268,283,302,"KA","KA","CL",1,1,1,"dry","dry","dry",1.8,1.9,0.9,"400","400","400",3.28437542248532,3.28437542248532,3.28437542248532,4.69,4.69,4.69,"3","3","3"
"92","CRE_P05","5",90.1,64.6,NA,"1","3",NA,11.35,13.75,NA,125,146,NA,"CL","CL",NA,2,1,NA,"dry","dry",NA,2.9,5.1,NA,"400","400",NA,3.99324844529967,3.99324844529967,NA,4.69,4.69,4.69,"5","5","5"
"93","CRE_P06","1",57,75,70,"3","1","1",16.83333333,13.6,10.68333333,18,33,61,"KA","KA","CL",1,1,1,"damp","damp","damp",0.7,1.7,1.7,"400","400","200",2.35503156836659,2.35503156836659,2.35503156836659,3.48,3.48,3.48,"1","1","1"
"94","CRE_P06","2",72,84,75.2,"1","1","1",10.75,12.71666667,8.183333333,117,143,167,"CL","KA","CL",1,1,1,"dry","damp","dry",1.7,1.5,1.1,"200","400","400",1.98365047703816,1.98365047703816,1.98365047703816,3.48,3.48,3.48,"2","2","2"
"95","CRE_P06","3",88,68,86,"1","1","1",15.9,9.6,13.75,206,230,268,"KA","KA","KA",1,1,1,"damp","dry","dry",1.9,2.4,3,"400","400","400",1.46929128069086,1.46929128069086,1.46929128069086,3.48,3.48,3.48,"3","3","3"
"96","CRE_P06","5",90.7,64.2,NA,"1","3",NA,11.83333333,12.01666667,NA,125,146,NA,"CL","CL",NA,2,1,NA,"dry","dry",NA,3.7,3.4,NA,"400","400",NA,1.98365047714398,1.98365047714398,NA,3.48,3.48,3.48,"5","5","5"
"97","HLC_P01","1",67,74,70,"1","1","1",11.25,12.56666667,10.95,28,55,66,"CL","KA","CL",1,1,1,"damp","damp","damp",1.7,0.7,0.7,"200","400","200",3.38894311673869,3.38894311673869,3.38894311673869,1.56,1.56,1.56,"1","1","1"
"98","HLC_P01","2",77,70,81.5,"1","1","1",14.43333333,18.71666667,12,114,152,165,"CL","KA","CL",1,1,1,"dry","dry","dry",3.9,1.8,6.4,"200","400","400",2.66921036778595,2.66921036778595,2.66921036778595,1.56,1.56,1.56,"2","2","2"
"99","HLC_P01","3",88.4,86,73.6,"1","1","1",11.11666667,16.68333333,9,215,248,272,"CL","KA","CL",1,1,2,"dry","dry","dry",4.6,2.1,0,"400","400","400",2.22254238532051,2.22254238532051,2.22254238532051,1.56,1.56,1.56,"3","3","3"
"100","HLC_P01","5",72.5,70.9,NA,"1","1",NA,12.85,14.7,NA,116,149,NA,"CL","CL",NA,1,2,NA,"dry","dry",NA,2.7,4.1,NA,"200","400",NA,2.66921036781565,2.66921036781565,NA,1.56,1.56,1.56,"5","5","5"
"101","HLC_P02","1",75,75,88,"1","1","1",14.4,13,12.36666667,66,101,114,"CL","KA","CL",1,1,1,"damp","dry","dry",1.7,0.7,3.9,"200","400","200",2.06002345582273,2.06002345582273,2.06002345582273,2.92,2.92,2.92,"1","1","1"
"102","HLC_P02","2",83.1,89,91.7,"1","1","1",13.3,14.46666667,12.83333333,165,186,215,"CL","KA","CL",1,1,1,"dry","dry","dry",4.4,4.7,4.5,"400","400","400",1.82330782696298,1.82330782696298,1.82330782696298,2.92,2.92,2.92,"2","2","2"
"103","HLC_P02","3",82,79,68,"1","1","1",9.866666667,11.68333333,13.2,272,284,306,"CL","KA","CL",2,1,1,"dry","dry","dry",2.4,2.6,6.9,"400","400","400",2.17562546553276,2.17562546553276,2.17562546553276,2.92,2.92,2.92,"3","3","3"
"104","HLC_P02","5",69,68.4,NA,"1","1",NA,11.65,15.4,NA,116,149,NA,"CL","CL",NA,1,2,NA,"dry","dry",NA,3.3,5.3,NA,"400","400",NA,2.06002345567568,2.06002345567568,NA,2.92,2.92,2.92,"5","5","5"
"105","HLC_P03","1",72,92,86,"1","1","1",15.48333333,12.2,12.88333333,66,101,114,"CL","KA","CL",1,1,1,"damp","dry","dry",1.7,0.7,3.9,"200","400","200",3.07162436750121,3.07162436750121,3.07162436750121,2.74,2.74,2.74,"1","1","1"
"106","HLC_P03","2",83.3,87,90.6,"1","1","1",14.03333333,15.08333333,12.03333333,165,186,215,"CL","KA","CL",1,1,1,"dry","dry","dry",4.5,3.7,4.4,"400","400","400",1.91238745701667,1.91238745701667,1.91238745701667,2.74,2.74,2.74,"2","2","2"
"107","HLC_P03","3",87.6,76,67.8,"1","1","1",10.61666667,11.03333333,14,272,284,306,"CL","KA","CL",2,1,1,"dry","dry","dry",2.7,1.1,4.4,"400","400","400",2.40833015009095,2.40833015009095,2.40833015009095,2.74,2.74,2.74,"3","3","3"
"108","HLC_P03","5",70.9,69,NA,"1","1",NA,12.2,16.26666667,NA,116,149,NA,"CL","CL",NA,1,2,NA,"dry","dry",NA,2,3.5,NA,"400","400",NA,3.07162436769016,3.07162436769016,NA,2.74,2.74,2.74,"5","5","5"
"109","HLC_P04","1",72,89,74,"1","1","1",12.48333333,14.85,15.63333333,66,101,114,"CL","KA","CL",1,1,1,"damp","dry","dry",0.7,1.7,1.7,"200","400","200",1.50407739677627,1.50407739677627,1.50407739677627,2.4,2.4,2.4,"1","1","1"
"110","HLC_P04","2",82.5,93,88.6,"1","1","1",15.96666667,16.3,14.08333333,165,186,215,"CL","KA","CL",1,1,1,"dry","dry","dry",3.5,1.4,3.6,"400","400","400",0.297251523467931,0.297251523467931,0.297251523467931,2.4,2.4,2.4,"2","2","2"
"111","HLC_P04","3",90.5,87,66.2,"1","1","1",12,12.88333333,15.25,272,284,306,"CL","KA","CL",2,1,1,"dry","dry","dry",1.7,0.9,4.7,"400","400","400",1.36687627526279,1.36687627526279,1.36687627526279,2.4,2.4,2.4,"3","3","3"
"112","HLC_P04","5",73.5,62.8,NA,"1","3",NA,14.1,16.45,NA,116,140,NA,"CL","CL",NA,1,2,NA,"dry","dry",NA,3.7,1.8,NA,"400","400",NA,1.50407739677627,1.50407739677627,NA,2.4,2.4,2.4,"5","5","5"
"113","HLC_P05","1",62,72,68,"1","1","1",15.68333333,14.4,10.03333333,31,55,66,"CL","KA","CL",1,1,1,"damp","damp","damp",1.7,1.7,0.7,"200","400","200",0.976009966575777,0.976009966575777,0.976009966575777,3.14,3.14,3.14,"1","1","1"
"114","HLC_P05","2",82,76,78.6,"1","1","1",11.36666667,17.81666667,10.78333333,114,152,165,"CL","KA","CL",1,1,1,"dry","dry","dry",0.7,0.1,6.2,"200","400","400",0.143100843640673,0.143100843640673,0.143100843640673,3.14,3.14,3.14,"2","2","2"
"115","HLC_P05","3",86,85,87.3,"1","1","1",15.91666667,15.83333333,13.63333333,215,248,272,"CL","KA","CL",1,1,2,"dry","dry","dry",8.3,4.1,10.4,"400","400","400",0.390866308687012,0.390866308687012,0.390866308687012,3.14,3.14,3.14,"3","3","3"
"116","HLC_P05","5",66.2,59.3,NA,"1","3",NA,10.6,17.85,NA,116,140,NA,"CL","CL",NA,1,2,NA,"dry","dry",NA,3.7,4.3,NA,"400","400",NA,0.143100843774007,0.143100843774007,NA,3.14,3.14,3.14,"5","5","5"
"117","LPQ_P01","1",61,68,75,"1","3","1",11.16666667,11.73333333,16.05,27,41,72,"CL","KA","KA",1,1,1,"damp","damp","damp",3.9,1.7,0.7,"200","400","400",0.613104472886409,0.613104472886409,0.613104472886409,1.2,1.2,1.2,"1","1","1"
"118","LPQ_P01","2",76,68,68.8,"3","1","1",12.58333333,18.15,18.18333333,117,155,164,"KA","KA","CL",1,1,1,"dry","dry","dry",0.7,1.6,3.2,"400","200","200",1.26113121816588,1.26113121816588,1.26113121816588,1.2,1.2,1.2,"2","2","2"
"119","LPQ_P01","3",81,NA,78.3,"1",NA,"1",15.2,NA,15.2,205,NA,273,"KA",NA,"CL",1,NA,2,"dry",NA,"dry",1.4,NA,1.7,"200",NA,"200",1.16074406977511,NA,1.16074406977511,1.2,1.2,1.2,"3","3","3"
"120","LPQ_P01","5",68.5,63.9,NA,"1","3",NA,15.75,10.86666667,NA,118,139,NA,"CL","CL",NA,2,1,NA,"dry","dry",NA,3.3,1.3,NA,"400","400",NA,1.26113121824922,1.26113121824922,NA,1.2,1.2,1.2,"5","5","5"
"121","LPQ_P02","1",71,83,85,"1","1","3",11.85,13.63333333,15.41666667,72,80,115,"KA","KA","KA",1,1,1,"damp","dry","dry",0.7,1.7,1.7,"400","200","400",5.12384950398673,5.12384950398673,5.12384950398673,3.36,3.36,3.36,"1","1","1"
"122","LPQ_P02","2",72.1,93,73,"1","1","1",10.25,13.86666667,18.88333333,166,182,203,"CL","KA","KA",1,1,1,"dry","dry","dry",3.3,1.7,1.4,"400","400","400",5.08347261804852,5.08347261804852,5.08347261804852,3.36,3.36,3.36,"2","2","2"
"123","LPQ_P02","3",80.4,69,76,"1","1","1",15.05,17.93333333,14.56666667,269,276,302,"CL","KA","KA",1,1,1,"dry","dry","dry",3.6,0.8,2.4,"400","400","400",4.85052673033312,4.85052673033312,4.85052673033312,3.36,3.36,3.36,"3","3","3"
"124","LPQ_P02","5",69.2,67.1,NA,"1","1",NA,11.5,12.1,NA,128,137,NA,"CL","CL",NA,1,1,NA,"dry","dry",NA,3.7,7,NA,"400","400",NA,5.12384950377975,5.12384950377975,NA,3.36,3.36,3.36,"5","5","5"
"125","LPQ_P03","1",75,85,85,"1","3","3",12.8,14.88333333,15.96666667,72,80,115,"KA","KA","KA",1,1,1,"damp","dry","dry",0.7,0.7,1.7,"400","200","400",4.84721097748367,4.84721097748367,4.84721097748367,3.6,3.6,3.6,"1","1","1"
"126","LPQ_P03","2",78.7,89,83,"1","1","1",11.63333333,15.06666667,17.1,166,182,203,"CL","KA","KA",1,1,1,"dry","dry","dry",2.2,1.7,1.3,"400","400","400",4.33578130658363,4.33578130658363,4.33578130658363,3.6,3.6,3.6,"2","2","2"
"127","LPQ_P03","3",77.3,73,75,"1","1","1",16.35,16.35,13.53333333,269,276,302,"CL","KA","KA",1,1,1,"dry","dry","dry",2.9,1.5,3.3,"400","400","400",4.14068973739847,4.14068973739847,4.14068973739847,3.6,3.6,3.6,"3","3","3"
"128","LPQ_P03","5",69.6,65.8,NA,"1","1",NA,10.83333333,10.55,NA,128,137,NA,"CL","CL",NA,1,1,NA,"dry","dry",NA,1.4,3.8,NA,"400","400",NA,4.84721097744744,4.84721097744744,NA,3.6,3.6,3.6,"5","5","5"
"129","LPQ_P04","1",79,83,77,"1","3","3",14.25,15.93333333,17.31666667,72,80,115,"KA","KA","KA",1,1,1,"damp","damp","dry",0.7,1.7,1.7,"400","200","400",4.48707460149341,4.48707460149341,4.48707460149341,2.69,2.69,2.69,"1","1","1"
"130","LPQ_P04","2",75.1,NA,79,"1","1","1",12.73333333,15.9,18,166,182,203,"CL","KA","KA",1,1,1,"dry","dry","dry",3.7,1.7,0.8,"400","400","400",4.03589855508369,4.03589855508369,4.03589855508369,2.69,2.69,2.69,"2","2","2"
"131","LPQ_P04","3",78.8,77,77,"1","1","1",15.66666667,17.5,14.23333333,269,276,302,"CL","KA","KA",1,1,1,"dry","dry","dry",3.7,0.7,1.4,"400","400","400",3.7088706005925,3.7088706005925,3.7088706005925,2.69,2.69,2.69,"3","3","3"
"132","LPQ_P04","5",64.8,65.9,NA,"1","1",NA,10.23333333,11.48333333,NA,128,137,NA,"CL","CL",NA,1,1,NA,"dry","dry",NA,2.7,2.3,NA,"400","400",NA,4.48707460149216,4.48707460149216,NA,2.69,2.69,2.69,"5","5","5"
"133","LPQ_P05","1",NA,67,67,"1","3","1",12,12.78333333,10.73333333,27,41,72,"CL","KA","KA",1,1,1,NA,"damp","damp",1.7,0.7,1.7,"200","400","400",3.63454510315061,3.63454510315061,3.63454510315061,1.4,1.4,1.4,"1","1","1"
"134","LPQ_P05","2",74,72,71.7,"3","1","1",11.6,17.35,16.9,117,155,164,"KA","KA","CL",1,1,1,"dry","dry","dry",0.7,0.7,3.5,"400","400","400",2.47037854922509,2.47037854922509,2.47037854922509,1.4,1.4,1.4,"2","2","2"
"135","LPQ_P05","3",78,84,78,"1","1","3",14.33333333,15,15.36666667,205,229,255,"KA","KA","KA",1,1,1,"dry","dry","dry",2.1,1.8,1.7,"400","400","400",2.4654885639309,2.4654885639309,2.4654885639309,1.4,1.4,1.4,"3","3","3"
"136","LPQ_P05","5",65.9,64.9,NA,"1","3",NA,15.03333333,11.88333333,NA,118,139,NA,"CL","CL",NA,2,1,NA,"dry","dry",NA,3.9,0.9,NA,"400","400",NA,2.47037854923159,2.47037854923159,NA,1.4,1.4,1.4,"5","5","5"
"137","LPQ_P06","1",67,67,75,"1","1","1",14.9,9.616666667,13.85,27,40,66,"CL","KA","KA",1,2,1,"damp","damp","damp",1.7,0.7,1.7,"200","400","400",5.84255842385343,5.84255842385343,5.84255842385343,4,4,4,"1","1","1"
"138","LPQ_P06","2",81,74.7,76.5,"1","1","1",11.08333333,12.95,13.5,116,124,164,"KA","CL","CL",1,3,1,"dry","dry","dry",1.7,3.2,3.5,"400","400","400",5.42875503623531,5.42875503623531,5.42875503623531,4,4,4,"2","2","2"
"139","LPQ_P06","3",84,77.9,83,"3","1","1",15.6,17.46666667,11.53333333,200,217,255,"KA","CL","KA",1,1,1,"dry","dry","dry",1.9,2,2.6,"400","400","400",4.60775942360997,4.60775942360997,4.60775942360997,4,4,4,"3","3","3"
"140","LPQ_P06","5",69.5,68,NA,"1","1",NA,11.83333333,16.31666667,NA,118,150,NA,"CL","CL",NA,2,2,NA,"dry","dry",NA,3.7,3.2,NA,"400","400",NA,5.42875503636967,5.42875503636967,NA,4,4,4,"5","5","5"
"141","LPQ_P07","1",61,73,75,"1","1","1",15.5,10.33333333,11.86666667,27,40,66,"CL","KA","KA",1,2,1,"damp","damp","damp",0.7,0.7,0.7,"200","400","400",4.33426959049831,4.33426959049831,4.33426959049831,2.67,2.67,2.67,"1","1","1"
"142","LPQ_P07","2",87,78.2,72.5,"1","1","1",11.56666667,13.7,11.6,116,124,164,"KA","CL","CL",1,3,1,"dry","dry","dry",0.7,1.2,1.8,"400","400","400",4.17379537878632,4.17379537878632,4.17379537878632,2.67,2.67,2.67,"2","2","2"
"143","LPQ_P07","3",88,76.6,84,"3","1","1",16.11666667,17,11.03333333,200,217,255,"KA","CL","KA",1,1,1,"dry","dry","dry",0.6,1.8,1.1,"400","400","400",3.91128199020343,3.91128199020343,3.91128199020343,2.67,2.67,2.67,"3","3","3"
"144","LPQ_P07","5",70.7,68.4,NA,"1","3",NA,12.25,15.76666667,NA,118,150,NA,"CL","CL",NA,2,2,NA,"dry","dry",NA,1.7,1.9,NA,"400","400",NA,4.17379537873185,4.17379537873185,NA,2.67,2.67,2.67,"5","5","5"
"145","LPQ_P08","1",75,71,87,"1","1","1",12.61666667,17.43333333,12.1,66,84,116,"KA","KA","KA",1,2,1,"damp","damp","dry",0.7,1.7,1.7,"400","400","400",5.60169295672393,5.60169295672393,5.60169295672393,4.26,4.26,4.26,"1","1","1"
"146","LPQ_P08","2",83,79,81,"1","1","3",12.48333333,16.08333333,16.73333333,171,185,200,"KA","KA","KA",1,1,1,"dry","dry","dry",1.3,2.3,1.2,"400","400","400",4.93669824750487,4.93669824750487,4.93669824750487,4.26,4.26,4.26,"2","2","2"
"147","LPQ_P08","3",NA,78,81,NA,"1","1",NA,16.43333333,10.53333333,NA,217,255,NA,"CL","KA",NA,1,1,NA,"dry","dry",NA,3.1,1.7,NA,"400","400",NA,4.90256455639577,4.90256455639577,4.26,4.26,4.26,"3","3","3"
"148","LPQ_P08","5",67.1,68.7,NA,"1","1",NA,12.6,15,NA,118,150,NA,"CL","CL",NA,2,2,NA,"dry","dry",NA,4.7,3.1,NA,"400","400",NA,5.60169295666628,5.60169295666628,NA,4.26,4.26,4.26,"5","5","5"
"149","LPQ_P09","1",65,70,89,"1","1","1",16.73333333,16.8,12.9,66,88,116,"KA","KA","KA",1,1,1,"damp","dry","dry",1.7,3.9,1.7,"400","400","400",1.0857088838322,1.0857088838322,1.0857088838322,1.4,1.4,1.4,"1","1","1"
"150","LPQ_P09","2",70.3,78,88,"1","1","3",10.65,17.08333333,13.45,164,185,200,"CL","KA","KA",1,1,1,"dry","dry","dry",4.7,1.4,1.5,"400","400","400",0.819440905884237,0.819440905884237,0.819440905884237,1.4,1.4,1.4,"2","2","2"
"151","LPQ_P09","3",81.7,79,72,"1","3","1",10.75,14.9,16.5,269,276,302,"CL","KA","KA",1,1,1,"dry","dry","dry",2.5,1.8,1.5,"400","400","400",0.548565951748837,0.548565951748837,0.548565951748837,1.4,1.4,1.4,"3","3","3"
"152","LPQ_P09","5",67.6,64.9,NA,"1","1",NA,11.05,17.61666667,NA,118,150,NA,"CL","CL",NA,2,2,NA,"dry","dry",NA,4.2,2.8,NA,"400","400",NA,1.08570888398805,1.08570888398805,NA,1.4,1.4,1.4,"5","5","5"
"153","LPQ_P10","1",69,92,82,"1","1","1",15.36666667,13.38333333,10.4,66,92,116,"KA","KA","KA",1,1,1,"damp","dry","dry",0.7,0.7,0.7,"400","200","400",3.75390613733101,3.75390613733101,3.75390613733101,2.17,2.17,2.17,"1","1","1"
"154","LPQ_P10","2",77.1,78,89,"1","1","3",15.78333333,17.83333333,12.55,164,185,200,"CL","KA","KA",1,1,1,"dry","dry","dry",3.5,0,1.6,"400","400","400",3.3770998300831,3.3770998300831,3.3770998300831,2.17,2.17,2.17,"2","2","2"
"155","LPQ_P10","3",74.6,77,73,"1","3","1",9.533333333,14.13333333,17.16666667,269,276,302,"CL","KA","KA",1,1,1,"dry","dry","dry",1,1.7,0,"400","400","400",2.7408400239252,2.7408400239252,2.7408400239252,2.17,2.17,2.17,"3","3","3"
"156","LPQ_P10","5",68.2,74,NA,"1","1",NA,14,13.33333333,NA,118,150,NA,"CL","CL",NA,2,2,NA,"dry","dry",NA,6,1.5,NA,"400","400",NA,3.75390613726073,3.75390613726073,NA,2.17,2.17,2.17,"5","5","5"
"157","LPQ_P11","1",64,70,69,"1","3","1",11.43333333,12.85,17.75,32,40,72,"KA","KA","KA",1,1,1,"damp","damp","damp",0.7,1.7,0.7,"400","400","400",0.749236647210989,0.749236647210989,0.749236647210989,3.85,3.85,3.85,"1","1","1"
"158","LPQ_P11","2",72,67.9,76,"3","3","1",13.3,16.31666667,15.75,117,124,159,"KA","CL","KA",1,1,1,"dry","dry","dry",3.9,3.7,3.5,"400","400","400",0.747214401830221,0.747214401830221,0.747214401830221,3.85,3.85,3.85,"2","2","2"
"159","LPQ_P11","3",79,70.2,75,"3","1","3",16.6,19.08333333,13.85,205,217,255,"KA","CL","KA",1,1,1,"dry","dry","dry",1.6,3.2,5.6,"400","400","400",0.730887508542792,0.730887508542792,0.730887508542792,3.85,3.85,3.85,"3","3","3"
"160","LPQ_P11","5",62.9,65.6,NA,"1","1",NA,17.86666667,13.68333333,NA,123,137,NA,"CL","CL",NA,2,1,NA,"dry","dry",NA,6.9,8,NA,"400","400",NA,0.747214401777589,0.747214401777589,NA,3.85,3.85,3.85,"5","5","5"
"161","LPQ_P12","1",53,71,75,"1","1","1",16.83333333,11.98333333,13.55,27,40,72,"CL","KA","KA",1,2,1,"damp","damp","damp",3.9,1.7,0.7,"200","400","400",1.41473229644042,1.41473229644042,1.41473229644042,4.79,4.79,4.79,"1","1","1"
"162","LPQ_P12","2",80,68.5,80,"3","1","1",16.71666667,15.31666667,15.01666667,115,124,159,"KA","CL","KA",1,1,1,"dry","dry","dry",1.7,5,3.2,"400","400","400",1.21444410419323,1.21444410419323,1.21444410419323,4.79,4.79,4.79,"2","2","2"
"163","LPQ_P12","3",80,72.1,76.1,"1","1","1",17.61666667,18.45,17.73333333,205,217,269,"KA","CL","CL",1,1,1,"dry","dry","dry",1.2,4.4,1.5,"400","400","400",1.39586381213604,1.39586381213604,1.39586381213604,4.79,4.79,4.79,"3","3","3"
"164","LPQ_P12","5",67.3,65.3,NA,"1","1",NA,10.4,14.71666667,NA,118,137,NA,"CL","CL",NA,2,1,NA,"dry","dry",NA,2.7,7.2,NA,"400","400",NA,1.21444410430261,1.21444410430261,NA,4.79,4.79,4.79,"5","5","5"
"165","MGM_P01","1",85,84,86.1,"1","3","1",12.51666667,12.73333333,12.95,68,115,123,"KA","KA","CL",1,1,1,"dry","dry","dry",1.7,1.7,2.4,"400","400","400",0.526093095896779,0.526093095896779,0.526093095896779,3.66,3.66,3.66,"1","1","1"
"166","MGM_P01","2",90,93,73.2,"1","1","1",17.16666667,16.7,8.866666667,172,199,220,"KA","KA","CL",1,1,1,"dry","dry","dry",0.9,0.8,0.9,"400","400","400",0.767255152713667,0.767255152713667,0.767255152713667,3.66,3.66,3.66,"2","2","2"
"167","MGM_P01","3",71.9,102,70.4,"1","1","3",10.63333333,15.91666667,14.06666667,275,296,307,"CL","KA","CL",2,1,1,"dry","dry","dry",3.9,1.6,2.4,"400","400","400",0.325422400434628,0.325422400434628,0.325422400434628,3.66,3.66,3.66,"3","3","3"
"168","MGM_P01","5",80.6,74.1,NA,"1","1",NA,11.35,13.7,NA,127,149,NA,"CL","CL",NA,2,2,NA,"dry","dry",NA,5.1,4.6,NA,"400","400",NA,0.526093095714961,0.526093095714961,NA,3.66,3.66,3.66,"5","5","5"
"169","MGM_P02","1",78,84,74.2,"1","3","1",10.91666667,11.45,10.5,68,115,123,"KA","KA","CL",1,1,1,"damp","dry","dry",0.7,0.7,3.2,"400","400","400",1.00458333901983,1.00458333901983,1.00458333901983,1.96,1.96,1.96,"1","1","1"
"170","MGM_P02","2",89,93,80.3,"1","1","1",18.03333333,14.73333333,10.46666667,172,199,220,"KA","KA","CL",1,1,1,"dry","dry","dry",0,1.7,3.3,"400","400","400",1.09861228866811,1.09861228866811,1.09861228866811,1.96,1.96,1.96,"2","2","2"
"171","MGM_P02","3",65.9,96,69.9,"3","1","3",9.133333333,17.35,13.33333333,275,296,307,"CL","KA","CL",2,1,1,"dry","dry","dry",0.7,0.6,3.2,"400","400","400",0.405465108108164,0.405465108108164,0.405465108108164,1.96,1.96,1.96,"3","3","3"
"172","MGM_P02","5",75.8,73,NA,"1","1",NA,10.11666667,11.41666667,NA,127,149,NA,"CL","CL",NA,2,2,NA,"dry","dry",NA,3.2,3.8,NA,"400","400",NA,1.00458333910434,1.00458333910434,NA,1.96,1.96,1.96,"5","5","5"
"173","MGM_P03","1",84,84,83.9,"1","3","1",11.5,11.96666667,11.5,68,115,123,"KA","KA","CL",1,1,1,"damp","dry","dry",0.7,0.7,1.6,"400","400","400",1.74584976792398,1.74584976792398,1.74584976792398,1.86,1.86,1.86,"1","1","1"
"174","MGM_P03","2",85,89,82,"1","1","1",19,15.5,9.866666667,172,199,220,"KA","KA","CL",1,1,1,"dry","dry","dry",0,1.7,1,"400","400","400",1.52939520476056,1.52939520476056,1.52939520476056,1.86,1.86,1.86,"2","2","2"
"175","MGM_P03","3",74.6,98,72.9,"3","1","1",9.683333333,16.91666667,12.71666667,275,296,307,"CL","KA","CL",2,1,1,"dry","dry","dry",1.7,1,1.9,"400","400","400",1.63225259020027,1.63225259020027,1.63225259020027,1.86,1.86,1.86,"3","3","3"
"176","MGM_P03","5",77,73.3,NA,"1","1",NA,10.71666667,12.21666667,NA,127,149,NA,"CL","CL",NA,2,2,NA,"dry","dry",NA,3,4.1,NA,"400","400",NA,1.74584976778975,1.74584976778975,NA,1.86,1.86,1.86,"5","5","5"
"177","MGM_P04","1",86,83,87,"1","1","1",13.36666667,16.68333333,15.3,68,101,119,"KA","KA","CL",1,1,1,"dry","dry","dry",1.7,1.7,1.5,"400","400","200",0.143100843640673,0.143100843640673,0.143100843640673,2.73,2.73,2.73,"1","1","1"
"178","MGM_P04","2",73,86,86.2,"1","1","1",20.11666667,18.2,11.58333333,172,199,220,"KA","KA","CL",1,1,1,"dry","dry","dry",0.7,0.8,2.7,"400","400","400",0.133531392624523,0.133531392624523,0.133531392624523,2.73,2.73,2.73,"2","2","2"
"179","MGM_P04","3",84.2,80,72.6,"1","1","3",17.9,18.36666667,15.01666667,272,296,307,"CL","KA","CL",2,1,1,"dry","dry","dry",1.4,0,1.9,"400","400","400",0.352821374622742,0.352821374622742,0.352821374622742,2.73,2.73,2.73,"3","3","3"
"180","MGM_P04","5",79,79.1,NA,"1","1",NA,12.08333333,13.15,NA,127,148,NA,"CL","CL",NA,2,1,NA,"dry","dry",NA,3.3,2.9,NA,"400","400",NA,0.143100843774007,0.143100843774007,NA,2.73,2.73,2.73,"5","5","5"
"181","MGM_P05","1",64,67,64,"1","1","3",14.1,16.41666667,16.53333333,15,29,63,"CL","CL","CL",1,1,1,"damp","damp","damp",1.7,1.7,1.7,"200","200","200",3.15863574449085,3.15863574449085,3.15863574449085,3.47,3.47,3.47,"1","1","1"
"182","MGM_P05","2",80.9,74,74.9,"1","3","1",16.75,12.58333333,17.78333333,120,152,165,"CL","KA","CL",1,1,1,"dry","dry","dry",9.5,1,6.4,"200","400","400",3.42651518964645,3.42651518964645,3.42651518964645,3.47,3.47,3.47,"2","2","2"
"183","MGM_P05","3",80.7,74,73.4,"1","1","1",18.68333333,18.91666667,18.5,219,233,270,"CL","KA","CL",1,1,1,"dry","dry","dry",4.3,1.4,3,"400","400","400",2.77738489450327,2.77738489450327,2.77738489450327,3.47,3.47,3.47,"3","3","3"
"184","MGM_P05","5",61.5,72.4,NA,"3","1",NA,12.75,11.95,NA,120,148,NA,"CL","CL",NA,1,1,NA,"dry","dry",NA,4,3.7,NA,"400","400",NA,3.42651518954145,3.42651518954145,NA,3.47,3.47,3.47,"5","5","5"
"185","MGM_P06","1",62,66,70,"1","1","1",14.86666667,11.23333333,15.11666667,17,33,61,"CL","CL","CL",2,1,1,"damp","damp","damp",1.7,0.7,1.7,"200","200","200",0.455475528682826,0.455475528682826,0.455475528682826,1.46,1.46,1.46,"1","1","1"
"186","MGM_P06","2",85.2,86,97,"1","1","1",15.18333333,15.15,15.4,123,152,166,"CL","KA","KA",1,1,1,"dry","dry","dry",2.7,0.7,0.8,"400","400","400",0,0,0,1.46,1.46,1.46,"2","2","2"
"187","MGM_P06","3",89.8,88,86,"1","1","1",17.08333333,15.9,15.15,221,233,272,"CL","KA","CL",1,1,2,"dry","dry","dry",1.5,1.5,1.3,"400","400","400",0.169899036795397,0.169899036795397,0.169899036795397,1.46,1.46,1.46,"3","3","3"
"188","MGM_P06","5",81.3,73,NA,"1","1",NA,13.53333333,15.1,NA,127,145,NA,"CL","CL",NA,2,1,NA,"dry","dry",NA,2.3,3.9,NA,"400","400",NA,0,0,NA,1.46,1.46,1.46,"5","5","5"
"189","MGM_P07","1",56,70,71,"1","1","1",16.15,12.11666667,15.81666667,17,33,61,"CL","CL","CL",2,1,1,"damp","damp","damp",0.7,0.7,0.7,"200","200","200",0.836248024200619,0.836248024200619,0.836248024200619,1.98,1.98,1.98,"1","1","1"
"190","MGM_P07","2",81.1,85,100,"1","1","1",16.31666667,16.03333333,14.73333333,123,152,166,"CL","KA","KA",1,1,1,"dry","dry","dry",2.3,0.2,0.7,"400","400","400",0.238411023444998,0.238411023444998,0.238411023444998,1.98,1.98,1.98,"2","2","2"
"191","MGM_P07","3",84.9,83,86.2,"1","1","1",16.26666667,15.3,16.5,221,233,272,"CL","KA","CL",1,1,2,"dry","dry","dry",4.1,2.4,4.7,"400","400","400",0.101782694309942,0.101782694309942,0.101782694309942,1.98,1.98,1.98,"3","3","3"
"192","MGM_P07","5",76.6,71.1,NA,"1","1",NA,13,14.41666667,NA,127,145,NA,"CL","CL",NA,2,1,NA,"dry","dry",NA,5.7,4.8,NA,"400","400",NA,0.23841102326318,0.23841102326318,NA,1.98,1.98,1.98,"5","5","5"
"193","MGM_P08","1",66,71,68,"1","1","1",13.01666667,13.6,14.86666667,28,33,63,"CL","CL","CL",1,1,1,"damp","damp","damp",1.7,0.7,1.7,"200","200","200",0.325422400434628,0.325422400434628,0.325422400434628,1.11,1.11,1.11,"1","1","1"
"194","MGM_P08","2",84,80,94,"1","1","1",14.38333333,14.3,16.68333333,119,152,166,"CL","KA","KA",1,1,1,"dry","dry","dry",1.7,0.7,0.9,"200","400","400",0.175890666463664,0.175890666463664,0.175890666463664,1.11,1.11,1.11,"2","2","2"
"195","MGM_P08","3",89.7,82,82.3,"1","1","1",12.9,17.26666667,16.86666667,220,233,270,"CL","KA","CL",1,1,1,"dry","dry","dry",1.6,1.8,3,"400","400","400",0.51082562376599,0.51082562376599,0.51082562376599,1.11,1.11,1.11,"3","3","3"
"196","MGM_P08","5",76.1,69.8,NA,"1","1",NA,14.58333333,16.7,NA,127,145,NA,"CL","CL",NA,2,1,NA,"dry","dry",NA,6,1.4,NA,"400","400",NA,0.1758906662056,0.1758906662056,NA,1.11,1.11,1.11,"5","5","5"
"197","MTR_P01","1",53,66,69,"1","1","1",11.43333333,13.38333333,13.21666667,27,35,60,"KA","CL","CL",1,3,1,"damp","damp","damp",1.7,0.7,0.7,"400","200","200",3.5946744326279,3.5946744326279,3.5946744326279,1.82,1.82,1.82,"1","1","1"
"198","MTR_P01","2",72,82.2,81.8,"1","3","1",14.48333333,14.31666667,10.2,122,137,168,"KA","KA","CL",1,1,1,"dry","dry","dry",1.7,3.9,1,"400","400","400",4.15134270680936,4.15134270680936,4.15134270680936,1.82,1.82,1.82,"2","2","2"
"199","MTR_P01","3",72.8,84,79,"1","1","3",8.966666667,10.96666667,14.7,221,234,258,"CL","KA","KA",1,1,1,"dry","dry","dry",1.3,0.8,1.5,"400","400","400",3.96883948047181,3.96883948047181,3.96883948047181,1.82,1.82,1.82,"3","3","3"
"200","MTR_P01","5",70.3,69.1,NA,"1","1",NA,16.7,15.98333333,NA,117,142,NA,"CL","CL",NA,1,1,NA,"dry","dry",NA,1.3,2.3,NA,"400","400",NA,4.15134270678999,4.15134270678999,NA,1.82,1.82,1.82,"5","5","5"
"201","MTR_P02","1",55,64,69,"1","1","1",13.11666667,14.53333333,13.81666667,27,35,60,"KA","CL","CL",1,3,1,"damp","damp","damp",1.7,0.7,0.7,"400","200","200",5.69670621482949,5.69670621482949,5.69670621482949,6.1,6.1,6.1,"1","1","1"
"202","MTR_P02","2",72,85.1,75.2,"1","3","1",15.3,13.33333333,9.283333333,122,137,168,"KA","KA","CL",1,1,1,"dry","dry","dry",1.7,3.9,1.2,"400","400","400",5.43791207085942,5.43791207085942,5.43791207085942,6.1,6.1,6.1,"2","2","2"
"203","MTR_P02","3",76.8,83,79,"1","1","1",9.65,11.75,14.08333333,221,234,258,"CL","KA","KA",1,1,1,"dry","dry","dry",1.1,2.3,1.9,"400","400","400",5.32787616878958,5.32787616878958,5.32787616878958,6.1,6.1,6.1,"3","3","3"
"204","MTR_P02","5",70.3,69.4,NA,"1","1",NA,16.23333333,14.76666667,NA,117,142,NA,"CL","CL",NA,1,1,NA,"dry","dry",NA,4.9,4.3,NA,"400","400",NA,5.43791207100928,5.43791207100928,NA,6.1,6.1,6.1,"5","5","5"
"205","MTR_P03","1",69,61,68,"1","1","1",16.58333333,15.71666667,14.71666667,29,35,60,"KA","CL","CL",1,3,1,"damp","damp","damp",1.7,3.9,3.9,"400","200","200",5.60105382024654,5.60105382024654,5.60105382024654,4.76,4.76,4.76,"1","1","1"
"206","MTR_P03","2",78.7,91.8,68,"1","3","3",14.46666667,15.4,17.51666667,122,137,157,"CL","KA","KA",1,1,1,"dry","dry","dry",5.9,3.9,1.1,"400","400","400",5.44441371916851,5.44441371916851,5.44441371916851,4.76,4.76,4.76,"2","2","2"
"207","MTR_P03","3",82.1,81,77,"1","1","3",17.35,10.15,11.56666667,220,234,256,"CL","KA","KA",1,1,1,"dry","dry","dry",7.1,2.4,1.6,"400","400","400",5.68918933132765,5.68918933132765,5.68918933132765,4.76,4.76,4.76,"3","3","3"
"208","MTR_P03","5",72.4,70.7,NA,"1","3",NA,15.41666667,11.98333333,NA,117,150,NA,"CL","CL",NA,1,2,NA,"dry","dry",NA,6.5,4.3,NA,"400","400",NA,5.44441371914458,5.44441371914458,NA,4.76,4.76,4.76,"5","5","5"
"209","MTR_P04","1",61,69,79.3,"1","1","1",17.06666667,10.85,14.51666667,60,88,121,"CL","KA","CL",1,1,1,"damp","damp","dry",0.7,0.7,2.6,"200","400","200",4.90854577616398,4.90854577616398,4.90854577616398,7.3,7.3,7.3,"1","1","1"
"210","MTR_P04","2",71.9,95,85.6,"1","1","1",15.16666667,14.03333333,11.46666667,163,187,222,"CL","KA","CL",1,1,1,"dry","dry","dry",3.3,1.7,2.7,"400","400","200",4.35794080910487,4.35794080910487,4.35794080910487,7.3,7.3,7.3,"2","2","2"
"211","MTR_P04","3",79.3,75,72,"1","3","3",13.23333333,11.55,14.18333333,273,292,306,"CL","KA","KA",2,1,1,"dry","dry","dry",3.9,1.3,1.1,"400","400","400",4.3115732190895,4.3115732190895,4.3115732190895,7.3,7.3,7.3,"3","3","3"
"212","MTR_P04","5",69.2,67.1,NA,"1","3",NA,12.4,12.36666667,NA,117,145,NA,"CL","CL",NA,1,1,NA,"dry","dry",NA,2.6,4.6,NA,"400","400",NA,4.90854577593283,4.90854577593283,NA,7.3,7.3,7.3,"5","5","5"
"213","MTR_P05","1",66,68,67,"1","1","1",14.08333333,15.78333333,15.63333333,29,46,60,"KA","KA","CL",1,2,1,"damp","damp","damp",0.7,1.7,1.7,"400","400","200",4.05479046016758,4.05479046016758,4.05479046016758,3.44,3.44,3.44,"1","1","1"
"214","MTR_P05","2",82.6,81.3,68,"1","3","3",12.25,14.43333333,16.68333333,121,137,157,"CL","KA","KA",1,1,1,"dry","dry","dry",3.1,3.9,0,"200","400","400",3.82361204808409,3.82361204808409,3.82361204808409,3.44,3.44,3.44,"2","2","2"
"215","MTR_P05","3",70.5,85,75,"1","1","1",19.45,15.66666667,16.4,220,234,256,"CL","KA","KA",1,1,1,"dry","dry","dry",3.5,1.4,5.7,"400","400","400",3.17965511171492,3.17965511171492,3.17965511171492,3.44,3.44,3.44,"3","3","3"
"216","MTR_P05","5",67.2,64.5,NA,"1","3",NA,13.53333333,12.66666667,NA,117,151,NA,"CL","CL",NA,1,2,NA,"dry","dry",NA,3.1,5.3,NA,"400","400",NA,3.82361204816645,3.82361204816645,NA,3.44,3.44,3.44,"5","5","5"
"217","MTR_P06","1",65,74,66,"1","1","1",14.95,16.48333333,16.03333333,29,46,60,"KA","KA","CL",1,2,1,"damp","damp","damp",1.7,1.7,3.9,"400","400","200",3.2349005859409,3.2349005859409,3.2349005859409,2.59,2.59,2.59,"1","1","1"
"218","MTR_P06","2",79.4,72,65,"1","3","3",13.36666667,17.08333333,15.95,121,137,157,"CL","KA","KA",1,1,1,"dry","dry","dry",7.4,6.05,2.7,"200","400","400",2.92398836869515,2.92398836869515,2.92398836869515,2.59,2.59,2.59,"2","2","2"
"219","MTR_P06","3",73.6,86,75,"1","1","1",19,15.16666667,15.9,220,234,256,"CL","KA","KA",1,1,1,"dry","dry","dry",4,2.6,6.4,"400","400","400",2.1624384612508,2.1624384612508,2.1624384612508,2.59,2.59,2.59,"3","3","3"
"220","MTR_P06","5",70.5,64.3,NA,"1","3",NA,14.21666667,11.71666667,NA,117,151,NA,"CL","CL",NA,1,2,NA,"dry","dry",NA,6,6.1,NA,"400","400",NA,2.92398836845961,2.92398836845961,NA,2.59,2.59,2.59,"5","5","5"
"221","MTR_P07","1",57,78,71,"1","1","1",15.38333333,13.28333333,10.23333333,27,46,60,"KA","KA","CL",1,2,1,"damp","damp","damp",1.7,1.7,0.7,"400","400","200",5.43540013786315,5.43540013786315,5.43540013786315,1.54,1.54,1.54,"1","1","1"
"222","MTR_P07","2",79.5,NA,70,"1","1","3",10.96666667,14.66666667,13.05,122,138,157,"CL","KA","KA",2,2,1,"dry","dry","dry",1.5,1.7,0,"400","400","400",5.34692436376028,5.34692436376028,5.34692436376028,1.54,1.54,1.54,"2","2","2"
"223","MTR_P07","3",88,91,78,"1","1","3",12.78333333,13.68333333,12.7,221,234,256,"CL","KA","KA",1,1,1,"dry","dry","dry",1.8,1.2,2.2,"400","400","400",5.47943627737623,5.47943627737623,5.47943627737623,1.54,1.54,1.54,"3","3","3"
"224","MTR_P07","5",83.3,63.4,NA,"1","3",NA,17.21666667,10.45,NA,124,150,NA,"CL","CL",NA,1,2,NA,"dry","dry",NA,1.3,2.5,NA,"400","400",NA,5.34692436370532,5.34692436370532,NA,1.54,1.54,1.54,"5","5","5"
"225","MTR_P08","1",55,78,74,"1","1","1",16.71666667,11.86666667,11.93333333,27,46,60,"KA","KA","CL",1,2,1,"damp","damp","damp",3.9,1.7,1.7,"400","400","200",7.98803386096174,7.98803386096174,7.98803386096174,2.71,2.71,2.71,"1","1","1"
"226","MTR_P08","2",78.2,NA,71,"1","1","3",12.53333333,15.61666667,14.2,122,138,157,"CL","KA","KA",2,2,1,"dry","dry","dry",4.2,3.9,0,"200","400","400",6.54305370214682,6.54305370214682,6.54305370214682,2.71,2.71,2.71,"2","2","2"
"227","MTR_P08","3",80.5,70,85,"1","1","1",11.41666667,18.51666667,13.85,221,231,256,"CL","KA","KA",1,1,1,"dry","dry","dry",3.2,1.4,1.9,"400","400","400",7.66645609028152,7.66645609028152,7.66645609028152,2.71,2.71,2.71,"3","3","3"
"228","MTR_P08","5",85.5,61.9,NA,"1","3",NA,15.98333333,10.95,NA,124,142,NA,"CL","CL",NA,1,2,NA,"dry","dry",NA,8.7,3.7,NA,"400","400",NA,6.54305370209376,6.54305370209376,NA,2.71,2.71,2.71,"5","5","5"
"229","MTR_P09","1",63,72,71.9,"1","1","1",10.06666667,11.21666667,18.03333333,63,88,121,"CL","KA","CL",2,1,1,"damp","damp","dry",0.7,1.7,1.3,"200","400","200",4.61512051684126,4.61512051684126,4.61512051684126,3.37,3.37,3.37,"1","1","1"
"230","MTR_P09","2",70.6,92,83.2,"1","1","1",13.83333333,13.41666667,10.91666667,163,187,222,"CL","KA","CL",1,1,1,"dry","dry","dry",3.2,1.7,2.3,"400","400","400",4.18028699202283,4.18028699202283,4.18028699202283,3.37,3.37,3.37,"2","2","2"
"231","MTR_P09","3",81.8,77,71,"1","3","3",12.73333333,11.08333333,13.41666667,273,292,306,"CL","KA","KA",2,1,1,"dry","dry","dry",1.7,1.4,1.5,"400","400","400",4.15103990589865,4.15103990589865,4.15103990589865,3.37,3.37,3.37,"3","3","3"
"232","MTR_P09","5",67.7,65.8,NA,"1","3",NA,11.95,11.75,NA,117,145,NA,"CL","CL",NA,1,2,NA,"dry","dry",NA,3.3,2.6,NA,"400","400",NA,4.61512051683136,4.61512051683136,NA,3.37,3.37,3.37,"5","5","5"
"233","MTR_P10","1",65,72,74.7,"1","1","1",10.53333333,11.65,17.18333333,63,88,121,"CL","KA","CL",2,1,1,"damp","damp","dry",1.7,0.7,4.3,"200","400","200",3.12709786097624,3.12709786097624,3.12709786097624,4.35,4.35,4.35,"1","1","1"
"234","MTR_P10","2",72.2,96,81.1,"1","1","1",12.83333333,12.65,10.36666667,163,187,222,"CL","KA","CL",1,1,1,"dry","dry","dry",4.8,1,1.6,"400","400","400",2.98217930714929,2.98217930714929,2.98217930714929,4.35,4.35,4.35,"2","2","2"
"235","MTR_P10","3",79,74,70,"1","3","3",12.21666667,10.58333333,12.78333333,273,292,306,"CL","KA","KA",2,1,1,"dry","dry","dry",1.7,1.1,0.8,"400","400","400",3.04817874892653,3.04817874892653,3.04817874892653,4.35,4.35,4.35,"3","3","3"
"236","MTR_P10","5",70.5,67.1,NA,"1","3",NA,11.45,11.21666667,NA,117,145,NA,"CL","CL",NA,1,2,NA,"dry","dry",NA,1.6,3.6,NA,"400","400",NA,3.12709786107742,3.12709786107742,NA,4.35,4.35,4.35,"5","5","5"
"237","MTR_P11","1",70,79,77.7,"3","1","1",11.26666667,12.3,16.43333333,63,88,121,"CL","KA","CL",2,1,1,"damp","dry","dry",1.7,3.9,5.5,"200","400","200",2.18864083364483,2.18864083364483,2.18864083364483,6.89,6.89,6.89,"1","1","1"
"238","MTR_P11","2",68.5,89,74.9,"1","1","1",11.96666667,12.2,9.65,163,187,222,"CL","KA","CL",1,1,1,"dry","dry","dry",7,3.4,2.2,"400","400","400",2.17124909093296,2.17124909093296,2.17124909093296,6.89,6.89,6.89,"2","2","2"
"239","MTR_P11","3",73.2,68,72,"1","3","3",11.8,10.11666667,12.36666667,273,292,306,"CL","KA","KA",2,1,1,"dry","dry","dry",9.8,2.4,3.3,"400","400","400",1.99417689002515,1.99417689002515,1.99417689002515,6.89,6.89,6.89,"3","3","3"
"240","MTR_P11","5",64.5,69.7,NA,"1","3",NA,11.01666667,10.75,NA,117,145,NA,"CL","CL",NA,1,1,NA,"dry","dry",NA,1.4,3.8,NA,"400","400",NA,2.18864083352414,2.18864083352414,NA,6.89,6.89,6.89,"5","5","5"
"241","MTR_P12","1",70,82,79.1,"3","1","1",11.81666667,12.8,15.63333333,63,88,121,"CL","KA","CL",2,1,1,"damp","dry","dry",1.7,1.7,4.1,"200","400","200",4.65889321847755,4.65889321847755,4.65889321847755,2.79,2.79,2.79,"1","1","1"
"242","MTR_P12","2",70.5,92,70.7,"1","1","1",11.21666667,11.8,9.05,163,187,222,"CL","KA","CL",1,1,1,"dry","dry","dry",1.9,1.7,1.4,"400","400","400",4.48082721941798,4.48082721941798,4.48082721941798,2.79,2.79,2.79,"2","2","2"
"243","MTR_P12","3",74.1,72,70,"1","3","3",11.05,9.766666667,11.78333333,273,292,306,"CL","KA","KA",2,1,1,"dry","dry","dry",5.3,0.8,0.9,"400","400","400",5.01206284608744,5.01206284608744,5.01206284608744,2.79,2.79,2.79,"3","3","3"
"244","MTR_P12","5",60.4,66.2,NA,"1","3",NA,10.31666667,10.21666667,NA,117,145,NA,"CL","CL",NA,1,2,NA,"dry","dry",NA,1.8,2.3,NA,"400","400",NA,4.65889321847536,4.65889321847536,NA,2.79,2.79,2.79,"5","5","5"
"245","RGR_P01","1",71,73,78,"3","1","1",14.86666667,14.81666667,11.33333333,52,62,109,"KA","CL","KA",1,1,1,"damp","damp","dry",1.7,1.7,0.7,"400","200","400",4.55791730113755,4.55791730113755,4.55791730113755,4.76,4.76,4.76,"1","1","1"
"246","RGR_P01","2",77.8,81,85,"1","1","3",15.7,19.56666667,11.48333333,159,176,213,"CL","KA","KA",1,1,1,"dry","dry","dry",2.7,0.7,2,"400","400","400",4.18205014264121,4.18205014264121,4.18205014264121,4.76,4.76,4.76,"2","2","2"
"247","RGR_P01","3",85,77,66,"1","1","3",13.31666667,11.13333333,14.05,269,295,304,"KA","KA","KA",1,1,1,"dry","dry","dry",2.6,0.7,0.9,"400","400","400",3.94530898306161,3.94530898306161,3.94530898306161,4.76,4.76,4.76,"3","3","3"
"248","RGR_P01","5",79.5,64.3,NA,"1","1",NA,10.46666667,13.9,NA,126,138,NA,"CL","CL",NA,1,1,NA,"dry","dry",NA,1.7,3.3,NA,"400","400",NA,4.55791730113109,4.55791730113109,NA,4.76,4.76,4.76,"5","5","5"
"249","RGR_P02","1",71,67,85,"3","1","1",15.68333333,15.26666667,11.96666667,52,62,109,"KA","CL","KA",1,1,1,"damp","damp","dry",1.7,1.7,0.7,"400","200","400",4.06639344132705,4.06639344132705,4.06639344132705,2.54,2.54,2.54,"1","1","1"
"250","RGR_P02","2",73.6,86,92,"1","1","3",16.6,19.01666667,11.93333333,159,176,213,"CL","KA","KA",1,1,1,"dry","dry","dry",5.6,1.7,1.4,"400","400","400",3.95235257103287,3.95235257103287,3.95235257103287,2.54,2.54,2.54,"2","2","2"
"251","RGR_P02","3",85,77,69,"1","1","3",12.83333333,11.81666667,14.46666667,269,295,304,"KA","KA","KA",1,1,1,"dry","dry","dry",4.7,0.7,0,"400","400","400",3.68887945411394,3.68887945411394,3.68887945411394,2.54,2.54,2.54,"3","3","3"
"252","RGR_P02","5",81.3,62.2,NA,"1","1",NA,10.83333333,13.45,NA,126,138,NA,"CL","CL",NA,1,1,NA,"dry","dry",NA,2.8,6.1,NA,"400","400",NA,4.06639344135869,4.06639344135869,NA,2.54,2.54,2.54,"5","5","5"
"253","RGR_P03","1",74,70,71,"1","1","1",11.36666667,16.43333333,15.96666667,30,52,62,"CL","KA","CL",1,1,1,"damp","damp","damp",1.7,0.7,0.7,"200","400","200",3.92577417704097,3.92577417704097,3.92577417704097,2.3,2.3,2.3,"1","1","1"
"254","RGR_P03","2",88,60.1,77.5,"1","3","1",12.46666667,10.06666667,14.51666667,109,136,159,"KA","KA","CL",1,1,1,"dry","damp","dry",0.7,1.7,3.6,"400","400","400",4.0328782401215,4.0328782401215,4.0328782401215,2.3,2.3,2.3,"2","2","2"
"255","RGR_P03","3",105,88.7,90,"1","1","1",12.51666667,8.833333333,12.33333333,213,245,269,"KA","KA","KA",1,1,1,"dry","dry","dry",1.4,0.7,1.4,"400","400","400",3.87519941687459,3.87519941687459,3.87519941687459,2.3,2.3,2.3,"3","3","3"
"256","RGR_P03","5",82.9,65.5,NA,"1","1",NA,11.28333333,12.96666667,NA,126,138,NA,"CL","CL",NA,1,1,NA,"dry","dry",NA,3.8,3.1,NA,"400","400",NA,4.03287824013786,4.03287824013786,NA,2.3,2.3,2.3,"5","5","5"
"257","RGR_P04","1",68,70,69,"1","1","1",10.8,16.95,16.48333333,30,52,62,"CL","KA","CL",1,1,1,"damp","damp","damp",1.7,0.7,1.7,"200","400","200",3.83530808784728,3.83530808784728,3.83530808784728,2.2,2.2,2.2,"1","1","1"
"258","RGR_P04","2",79,61.9,68.5,"1","3","1",13.03333333,9.166666667,17.15,109,136,159,"KA","KA","CL",1,1,1,"dry","damp","dry",1.7,1.7,5.6,"400","400","400",3.78724440391322,3.78724440391322,3.78724440391322,2.2,2.2,2.2,"2","2","2"
"259","RGR_P04","3",91,91.6,84,"3","1","1",13.13333333,9.5,11.75,213,245,269,"KA","KA","KA",1,1,1,"dry","dry","dry",5.1,0.7,3.3,"400","400","400",3.1876232813641,3.1876232813641,3.1876232813641,2.2,2.2,2.2,"3","3","3"
"260","RGR_P04","5",80.9,61.5,NA,"1","1",NA,11.81666667,11.53333333,NA,126,138,NA,"CL","CL",NA,1,1,NA,"dry","dry",NA,1.5,6.2,NA,"400","400",NA,3.78724440389927,3.78724440389927,NA,2.2,2.2,2.2,"5","5","5"
"261","SDW_P01","1",57,74,66,"3","1","1",16.63333333,13.06666667,14.7,15,31,65,"CL","CL","CL",1,1,1,"damp","damp","damp",0.7,1.7,1.7,"200","200","200",2.09376159545458,2.09376159545458,2.09376159545458,6.53,6.53,6.53,"1","1","1"
"262","SDW_P01","2",78,82,83,"1","1","1",16.66666667,10.4,11.88333333,118,139,164,"CL","KA","KA",1,2,1,"dry","damp","dry",3.9,1.7,2.3,"200","400","400",2.2308411881352,2.2308411881352,2.2308411881352,6.53,6.53,6.53,"2","2","2"
"263","SDW_P01","3",83.3,90,73.5,"1","1","1",16.76666667,17.7,9.433333333,219,239,270,"CL","KA","CL",1,1,1,"dry","dry","dry",4.8,3.9,1.7,"400","400","400",2.02001812120904,2.02001812120904,2.02001812120904,6.53,6.53,6.53,"3","3","3"
"264","SDW_P01","5",64.5,65.1,NA,"3","1",NA,14.18333333,17.9,NA,120,143,NA,"CL","CL",NA,1,1,NA,"dry","dry",NA,1.9,5.3,NA,"400","400",NA,2.23084118806082,2.23084118806082,NA,6.53,6.53,6.53,"5","5","5"
"265","SDW_P02","1",59,75,63,"3","1","1",15.95,14.06666667,15.13333333,15,31,65,"CL","CL","CL",1,1,1,"damp","damp","damp",1.7,1.7,3.9,"200","200","200",0.207639364778245,0.207639364778245,0.207639364778245,1.26,1.26,1.26,"1","1","1"
"266","SDW_P02","2",81,82,79,"1","1","1",15.78333333,11.61666667,12.61666667,118,139,164,"CL","KA","KA",1,2,1,"dry","dry","dry",1.7,0.7,2.3,"200","400","400",0,0,0,1.26,1.26,1.26,"2","2","2"
"267","SDW_P02","3",85.3,88,76.2,"1","1","1",16.13333333,14.83333333,8.8,219,249,270,"CL","KA","CL",1,1,1,"dry","dry","dry",4.7,3.1,1.2,"400","400","400",0,0,0,1.26,1.26,1.26,"3","3","3"
"268","SDW_P02","5",64.6,65.7,NA,"3","1",NA,14.7,17.36666667,NA,120,143,NA,"CL","CL",NA,1,1,NA,"dry","dry",NA,5.1,4.8,NA,"400","400",NA,0,0,NA,1.26,1.26,1.26,"5","5","5"
"269","SDW_P03","1",65,82,68,"1","3","1",12.26666667,14.38333333,10.58333333,64,97,115,"CL","KA","CL",1,1,1,"damp","dry","dry",1.7,0.7,1.7,"200","400","200",1.3166144404819,1.3166144404819,1.3166144404819,4.27,4.27,4.27,"1","1","1"
"270","SDW_P03","2",86,83,87.7,"1","1","1",12.43333333,12.9,12.76666667,169,182,216,"KA","KA","CL",1,1,1,"dry","dry","dry",0,0.6,3.5,"400","400","400",1.38629436111989,1.38629436111989,1.38629436111989,4.27,4.27,4.27,"2","2","2"
"271","SDW_P03","3",82,77,66.3,"1","1","3",10.65,11.13333333,11.48333333,271,285,305,"CL","KA","CL",1,1,1,"dry","dry","dry",1.7,0.8,2.3,"400","400","400",1.68354588458782,1.68354588458782,1.68354588458782,4.27,4.27,4.27,"3","3","3"
"272","SDW_P03","5",80.7,68.6,NA,"1","1",NA,10.15,14.13333333,NA,124,143,NA,"CL","CL",NA,1,1,NA,"dry","dry",NA,2.9,3.4,NA,"400","400",NA,1.31661444054376,1.31661444054376,NA,4.27,4.27,4.27,"5","5","5"
"273","SDW_P04","1",67,85,71,"1","1","1",13.3,12.95,11.51666667,64,97,115,"CL","KA","CL",1,1,1,"damp","dry","dry",1.7,0.7,1.7,"200","400","200",1.36196226046036,1.36196226046036,1.36196226046036,1.26,1.26,1.26,"1","1","1"
"274","SDW_P04","2",88,83,85.8,"1","1","1",13.58333333,14.18333333,11.43333333,169,182,216,"KA","KA","CL",1,1,1,"dry","dry","dry",1.3,1,3.4,"400","400","400",0.767255152713667,0.767255152713667,0.767255152713667,1.26,1.26,1.26,"2","2","2"
"275","SDW_P04","3",76.4,81,67.9,"1","1","3",9.6,12.48333333,12.66666667,271,285,305,"CL","KA","CL",1,1,1,"dry","dry","dry",0.6,1,2.1,"400","400","400",1.07263680226485,1.07263680226485,1.07263680226485,1.26,1.26,1.26,"3","3","3"
"276","SDW_P04","5",84.3,69.8,NA,"1","1",NA,10.95,12.53333333,NA,124,143,NA,"CL","CL",NA,1,1,NA,"dry","dry",NA,2.2,3,NA,"400","400",NA,1.36196226049977,1.36196226049977,NA,1.26,1.26,1.26,"5","5","5"
"277","SDW_P05","1",65,78,73,"3","3","1",11.61666667,12.45,12.35,64,97,115,"CL","KA","CL",1,1,1,"damp","dry","dry",3.9,0.7,1.7,"200","400","200",0.455475528682826,0.455475528682826,0.455475528682826,1.99,1.99,1.99,"1","1","1"
"278","SDW_P05","2",88,79,83.8,"1","1","1",12.98333333,13.5,12.11666667,169,182,216,"KA","KA","CL",1,1,1,"dry","dry","dry",0.6,3.2,4.8,"400","400","400",0.50310357767208,0.50310357767208,0.50310357767208,1.99,1.99,1.99,"2","2","2"
"279","SDW_P05","3",70.6,81,67.4,"1","1","3",8.833333333,11.83333333,13.53333333,271,285,305,"CL","KA","CL",1,1,1,"dry","dry","dry",1.2,1.6,4.1,"400","400","400",0,0,0,1.99,1.99,1.99,"3","3","3"
"280","SDW_P05","5",82.9,69.1,NA,"1","1",NA,11.48333333,13.2,NA,124,143,NA,"CL","CL",NA,1,1,NA,"dry","dry",NA,5.6,4.1,NA,"400","400",NA,0.455475528731606,0.455475528731606,NA,1.99,1.99,1.99,"5","5","5"
"281","SDW_P06","1",66,79,71,"3","3","3",10.66666667,11.58333333,13.21666667,64,97,115,"CL","KA","CL",1,1,1,"damp","dry","dry",1.7,0.7,1.7,"200","400","200",3.52068835966369,3.52068835966369,3.52068835966369,1.19,1.19,1.19,"1","1","1"
"282","SDW_P06","2",82,82,80.7,"1","1","1",15.41666667,15.41666667,10.45,169,182,216,"KA","KA","CL",1,1,1,"dry","dry","dry",2.4,1.5,2.4,"400","400","400",2.79868747520714,2.79868747520714,2.79868747520714,1.19,1.19,1.19,"2","2","2"
"283","SDW_P06","3",82.8,81,68.7,"1","1","3",11.53333333,13.5,14.05,271,285,305,"CL","KA","CL",1,1,1,"dry","dry","dry",3.1,1.3,2.4,"400","400","400",2.57084907958873,2.57084907958873,2.57084907958873,1.19,1.19,1.19,"3","3","3"
"284","SDW_P06","5",85.6,69.4,NA,"1","3",NA,12.33333333,11.48333333,NA,124,143,NA,"CL","CL",NA,1,1,NA,"dry","dry",NA,3.6,3.8,NA,"400","400",NA,3.52068835970238,3.52068835970238,NA,1.19,1.19,1.19,"5","5","5"
"285","SDW_P07","1",68,84,73,"1","1","3",14.31666667,16.7,14.36666667,64,95,115,"CL","KA","CL",1,2,1,"damp","dry","dry",3.9,0.7,1.7,"200","400","200",2.44401787953402,2.44401787953402,2.44401787953402,2.63,2.63,2.63,"1","1","1"
"286","SDW_P07","2",94,80,75.1,"1","1","1",14.65,16.1,9.566666667,169,182,216,"KA","KA","CL",1,1,1,"dry","dry","dry",0.8,1.6,3,"400","400","400",0.613104472886409,0.613104472886409,0.613104472886409,2.63,2.63,2.63,"2","2","2"
"287","SDW_P07","3",86.8,80,67.5,"1","1","3",12.56666667,14.08333333,14.93333333,271,285,305,"CL","KA","CL",1,1,1,"dry","dry","dry",3.6,2.3,5.7,"400","400","400",1.84176988980272,1.84176988980272,1.84176988980272,2.63,2.63,2.63,"3","3","3"
"288","SDW_P07","5",82.9,64.7,NA,"1","3",NA,12.98333333,10.73333333,NA,124,143,NA,"CL","CL",NA,1,1,NA,"dry","dry",NA,6.2,3.6,NA,"400","400",NA,2.4440178796008,2.4440178796008,NA,2.63,2.63,2.63,"5","5","5"
"289","SDW_P08","1",62,79,74,"3","1","3",16.13333333,15.2,15.5,64,95,115,"CL","KA","CL",1,2,1,"damp","damp","dry",1.7,0.7,0.7,"200","400","200",3.59941752452391,3.59941752452391,3.59941752452391,1.19,1.19,1.19,"1","1","1"
"290","SDW_P08","2",86,81,72.8,"1","1","3",16.61666667,17.13333333,8.466666667,169,182,216,"KA","KA","CL",1,1,1,"dry","dry","dry",0.6,0.9,1.6,"400","400","400",3.23023958351852,3.23023958351852,3.23023958351852,1.19,1.19,1.19,"2","2","2"
"291","SDW_P08","3",88.7,74,65.7,"1","1","3",13.96666667,15.16666667,10.55,271,285,305,"CL","KA","CL",1,1,1,"dry","dry","dry",3.4,3.6,1.9,"400","400","400",3.27496529151925,3.27496529151925,3.27496529151925,1.19,1.19,1.19,"3","3","3"
"292","SDW_P08","5",86.6,67.8,NA,"1","3",NA,14.1,15.13333333,NA,124,143,NA,"CL","CL",NA,1,1,NA,"dry","dry",NA,3.8,4.3,NA,"400","400",NA,3.59941752458069,3.59941752458069,NA,1.19,1.19,1.19,"5","5","5"
"293","SDW_P09","1",65,68,61,"1","1","1",12.28333333,15.08333333,16.16666667,15,28,59,"CL","CL","CL",1,1,1,"damp","damp","damp",1.7,1.7,1.7,"200","200","200",3.2188758248682,3.2188758248682,3.2188758248682,2.72,2.72,2.72,"1","1","1"
"294","SDW_P09","2",75,63,87,"1","3","1",10.85,10.41666667,14.93333333,118,135,164,"CL","KA","KA",2,2,1,"dry","damp","dry",1.8,3.9,1.8,"200","400","400",3.30293412787509,3.30293412787509,3.30293412787509,2.72,2.72,2.72,"2","2","2"
"295","SDW_P09","3",80,88,79.7,"1","1","1",17.83333333,16,10.25,238,249,270,"KA","KA","CL",1,1,1,"dry","dry","dry",3.9,1.6,1.7,"400","400","400",3.0750054544485,3.0750054544485,3.0750054544485,2.72,2.72,2.72,"3","3","3"
"296","SDW_P09","5",77.7,73.1,NA,"1","1",NA,15.63333333,16.18333333,NA,113,135,NA,"CL","CL",NA,1,1,NA,"dry","dry",NA,4.7,4.9,NA,"400","400",NA,3.30293412790055,3.30293412790055,NA,2.72,2.72,2.72,"5","5","5"
"297","SDW_P10","1",64,68,61,"3","1","1",11.5,14.63333333,16.6,15,28,59,"CL","CL","CL",1,1,1,"damp","damp","damp",1.7,3.9,1.7,"200","200","200",1.29578035357906,1.29578035357906,1.29578035357906,2.72,2.72,2.72,"1","1","1"
"298","SDW_P10","2",76,68,88,"1","3","1",11.86666667,11.58333333,14.45,118,135,164,"CL","KA","KA",2,2,1,"dry","damp","dry",3.2,3.9,1.7,"200","400","400",0.379489621704904,0.379489621704904,0.379489621704904,2.72,2.72,2.72,"2","2","2"
"299","SDW_P10","3",84.1,80,80.6,"1","1","1",12.1,18.26666667,10.73333333,217,238,270,"CL","KA","CL",1,1,1,"dry","dry","dry",5.5,3.9,2.5,"400","400","400",0.570544858467613,0.570544858467613,0.570544858467613,2.72,2.72,2.72,"3","3","3"
"300","SDW_P10","5",75.5,71,NA,"1","1",NA,16.18333333,16.7,NA,113,135,NA,"CL","CL",NA,1,1,NA,"dry","dry",NA,5.2,7,NA,"400","400",NA,0.379489622020693,0.379489622020693,NA,2.72,2.72,2.72,"5","5","5"
"301","SDW_P11","1",66,74,64,"1","1","1",15.5,11.98333333,13.78333333,16,31,65,"CL","CL","CL",1,1,1,"damp","damp","damp",0.7,1.7,3.9,"200","200","200",4.82739023408136,4.82739023408136,4.82739023408136,4.1,4.1,4.1,"1","1","1"
"302","SDW_P11","2",81,NA,83,"1","3","1",14.15,13.58333333,10.96666667,118,135,164,"CL","KA","KA",2,1,1,"dry","dry","dry",1.7,3.9,0.8,"200","400","400",4.5439594549432,4.5439594549432,4.5439594549432,4.1,4.1,4.1,"2","2","2"
"303","SDW_P11","3",76.8,86,63.4,"1","1","1",10.35,18.95,7.95,217,239,270,"CL","KA","CL",1,1,1,"dry","dry","dry",1.3,3.9,0,"400","400","400",4.02469009626841,4.02469009626841,4.02469009626841,4.1,4.1,4.1,"3","3","3"
"304","SDW_P11","5",81.1,71.1,NA,"1","1",NA,14.96666667,16.38333333,NA,113,143,NA,"CL","CL",NA,1,1,NA,"dry","dry",NA,4.8,4.2,NA,"400","400",NA,4.5439594549432,4.5439594549432,NA,4.1,4.1,4.1,"5","5","5"
"305","SDW_P12","1",62,72,57,"1","1","1",15.11666667,14.81666667,17.5,21,33,59,"CL","CL","CL",2,1,1,"damp","damp","damp",1.7,1.7,0.7,"200","200","200",1.0857088838322,1.0857088838322,1.0857088838322,1.49,1.49,1.49,"1","1","1"
"306","SDW_P12","2",82,93,77,"1","1","1",16.81666667,15.16666667,10.3,119,139,164,"CL","KA","KA",1,2,1,"dry","dry","dry",2.1,1.7,0.6,"200","400","400",0.693147180559945,0.693147180559945,0.693147180559945,1.49,1.49,1.49,"2","2","2"
"307","SDW_P12","3",73,96,83.6,"3","1","1",9.283333333,13.48333333,12.2,217,249,270,"CL","KA","CL",1,1,1,"dry","dry","dry",1.7,2.7,3.9,"400","400","400",1.55408781735093,1.55408781735093,1.55408781735093,1.49,1.49,1.49,"3","3","3"
"308","SDW_P12","5",60.5,71.1,NA,"3","1",NA,15.78333333,15.15,NA,120,135,NA,"CL","CL",NA,1,1,NA,"dry","dry",NA,6,6.5,NA,"400","400",NA,0.693147180559945,0.693147180559945,NA,1.49,1.49,1.49,"5","5","5"
"309","SVH_P01","1",60,73,80.3,"1","1","1",16.91666667,16.06666667,10.66666667,65,89,120,"CL","KA","CL",1,1,1,"damp","dry","dry",1.7,1.7,1.2,"200","400","200",0.268263986594679,0.268263986594679,0.268263986594679,3.65,3.65,3.65,"1","1","1"
"310","SVH_P01","2",103,90,93,"1","1","1",13.13333333,15.46666667,15.1,178,192,212,"KA","KA","KA",1,1,1,"dry","dry","dry",1.4,3.3,1.9,"400","400","400",0,0,0,3.65,3.65,3.65,"2","2","2"
"311","SVH_P01","3",65.9,79,66.8,"1","1","1",10.3,8.933333333,12.31666667,274,300,309,"CL","KA","CL",2,1,1,"dry","dry","dry",1.7,1.2,2.1,"400","400","400",0.109199291964992,0.109199291964992,0.109199291964992,3.65,3.65,3.65,"3","3","3"
"312","SVH_P01","5",62.7,72.1,NA,"1","1",NA,11.9,15.08333333,NA,119,147,NA,"CL","CL",NA,1,1,NA,"dry","dry",NA,3.5,3.3,NA,"400","400",NA,0.268263986065268,0.268263986065268,NA,3.65,3.65,3.65,"5","5","5"
"313","SVH_P02","1",65,72,84.6,"1","1","1",12.25,16.78333333,11.63333333,65,89,120,"CL","KA","CL",1,1,1,"damp","damp","dry",0.7,0.7,1.9,"200","400","200",0.268263986594679,0.268263986594679,0.268263986594679,2.52,2.52,2.52,"1","1","1"
"314","SVH_P02","2",106,93,90,"1","1","1",13.9,16.06666667,15.73333333,178,192,212,"KA","KA","KA",1,1,1,"dry","dry","dry",0.7,2.1,1.7,"400","400","400",0,0,0,2.52,2.52,2.52,"2","2","2"
"315","SVH_P02","3",68.4,81,70.7,"1","1","1",9.733333333,9.866666667,14.18333333,274,300,309,"CL","KA","CL",2,1,1,"dry","dry","dry",1.7,0,0.9,"400","400","400",0,0,0,2.52,2.52,2.52,"3","3","3"
"316","SVH_P02","5",65.2,72.7,NA,"1","1",NA,11.5,15.56666667,NA,119,147,NA,"CL","CL",NA,1,1,NA,"dry","dry",NA,2.9,2.9,NA,"400","400",NA,0.268263986065268,0.268263986065268,NA,2.52,2.52,2.52,"5","5","5"
"317","SVH_P03","1",62,69,85.2,"1","1","1",11.36666667,17.6,12.93333333,65,89,120,"CL","KA","CL",1,1,1,"damp","dry","dry",1.7,3.9,3.2,"200","400","200",0.570544858467613,0.570544858467613,0.570544858467613,3.2,3.2,3.2,"1","1","1"
"318","SVH_P03","2",97,87,91,"1","1","1",15.11666667,17.05,16.5,178,192,212,"KA","KA","KA",1,1,1,"dry","dry","dry",1.4,2.7,1.2,"400","400","400",0,0,0,3.2,3.2,3.2,"2","2","2"
"319","SVH_P03","3",62.9,85,69.3,"3","1","1",9.316666667,10.33333333,13.51666667,274,300,309,"CL","KA","CL",2,1,1,"dry","dry","dry",1.7,1.5,2.7,"400","400","400",0.164303051291277,0.164303051291277,0.164303051291277,3.2,3.2,3.2,"3","3","3"
"320","SVH_P03","5",59.4,71.9,NA,"1","1",NA,10.75,16.3,NA,119,147,NA,"CL","CL",NA,2,1,NA,"dry","dry",NA,3.7,2.7,NA,"400","400",NA,0.570544858337178,0.570544858337178,NA,3.2,3.2,3.2,"5","5","5"
"321","SYC_P01","1",60,57,79,"1","3","1",11.36666667,14.45,13.01666667,18,37,62,"CL","KA","KA",2,1,1,"damp","damp","damp",0.7,0.7,0.7,"200","400","400",1.70474809223843,1.70474809223843,1.70474809223843,4.74,4.74,4.74,"1","1","1"
"322","SYC_P01","2",NA,94,71.8,"1","1","1",15.16666667,15.78333333,11.11666667,118,143,160,"KA","KA","CL",1,1,1,"dry","dry","dry",1.7,1.2,2.1,"400","400","400",1.29578035357906,1.29578035357906,1.29578035357906,4.74,4.74,4.74,"2","2","2"
"323","SYC_P01","3",97,74.7,80,"1","3","1",13.25,9.183333333,12.1,212,223,262,"KA","CL","KA",1,1,1,"dry","dry","dry",1.8,1.9,1.4,"400","400","400",1.07263680226485,1.07263680226485,1.07263680226485,4.74,4.74,4.74,"3","3","3"
"324","SYC_P01","5",78,58.7,NA,"1","3",NA,15.73333333,10.53333333,NA,115,141,NA,"CL","CL",NA,1,2,NA,"dry","dry",NA,2.7,5.7,NA,"400","400",NA,1.29578035334748,1.29578035334748,NA,4.74,4.74,4.74,"5","5","5"
"325","SYC_P02","1",60,58,77,"1","3","1",12.01666667,13.71666667,12.4,18,37,62,"CL","KA","KA",2,1,1,"damp","damp","damp",1.7,0.7,0.7,"200","400","400",0.526093095896779,0.526093095896779,0.526093095896779,2.26,2.26,2.26,"1","1","1"
"326","SYC_P02","2",77,94,76.7,"1","1","1",15.7,15.33333333,12.11666667,118,143,160,"KA","KA","CL",1,1,1,"dry","dry","dry",3.9,0.9,3.9,"400","400","400",1.2078115806331,1.2078115806331,1.2078115806331,2.26,2.26,2.26,"2","2","2"
"327","SYC_P02","3",100,77.2,80,"1","1","1",12.46666667,9.783333333,11.53333333,212,223,262,"KA","CL","KA",1,1,1,"dry","dry","dry",1,2.3,0.7,"400","400","400",0.819440905884237,0.819440905884237,0.819440905884237,2.26,2.26,2.26,"3","3","3"
"328","SYC_P02","5",79.1,59.9,NA,"1","3",NA,15,11.15,NA,115,141,NA,"CL","CL",NA,1,2,NA,"dry","dry",NA,4.8,3.3,NA,"400","400",NA,1.20781158058712,1.20781158058712,NA,2.26,2.26,2.26,"5","5","5"
"329","SYC_P03","1",58,61,72,"1","3","1",9.866666667,12.03333333,10.06666667,18,37,62,"CL","KA","KA",2,1,1,"damp","damp","damp",1.7,0.7,0.7,"200","400","400",2.13553100833088,2.13553100833088,2.13553100833088,3.05,3.05,3.05,"1","1","1"
"330","SYC_P03","2",85,90,81.4,"1","1","1",14.5,14.43333333,13.21666667,118,143,160,"KA","KA","CL",1,1,1,"dry","dry","dry",1.7,0.8,1.9,"400","400","400",2.11949400942106,2.11949400942106,2.11949400942106,3.05,3.05,3.05,"2","2","2"
"331","SYC_P03","3",93,83.3,76,"1","1","1",11.46666667,10.81666667,10.4,212,223,262,"KA","CL","KA",1,1,1,"dry","dry","dry",0.6,3.5,1.9,"400","400","400",1.9568392195875,1.9568392195875,1.9568392195875,3.05,3.05,3.05,"3","3","3"
"332","SYC_P03","5",73.5,59.1,NA,"1","3",NA,10.6,16.31666667,NA,115,141,NA,"CL","CL",NA,1,2,NA,"dry","dry",NA,2.7,5.5,NA,"400","400",NA,2.1194940094303,2.1194940094303,NA,3.05,3.05,3.05,"5","5","5"
"333","SYC_P04","1",61,56,77,"1","3","1",13.45,15.21666667,14.26666667,18,37,62,"CL","KA","KA",2,1,1,"damp","damp","damp",0.7,0.7,0.7,"200","400","400",0.479573080261886,0.479573080261886,0.479573080261886,4.37,4.37,4.37,"1","1","1"
"334","SYC_P04","2",70,88,81.1,"1","1","1",16.53333333,16.53333333,14.36666667,118,143,160,"KA","KA","CL",1,1,1,"dry","dry","dry",3.9,0.6,2.1,"400","400","400",0.175890666463664,0.175890666463664,0.175890666463664,4.37,4.37,4.37,"2","2","2"
"335","SYC_P04","3",91,73,80,"1","1","1",14.33333333,8.616666667,13.06666667,212,223,262,"KA","CL","KA",1,1,1,"dry","dry","dry",2.1,1.2,1.4,"400","400","400",0.143100843640673,0.143100843640673,0.143100843640673,4.37,4.37,4.37,"3","3","3"
"336","SYC_P04","5",76.6,61.1,NA,"1","3",NA,14.18333333,12.21666667,NA,115,141,NA,"CL","CL",NA,1,2,NA,"dry","dry",NA,1.4,2.3,NA,"400","400",NA,0.1758906662056,0.1758906662056,NA,4.37,4.37,4.37,"5","5","5"
"337","SYC_P05","1",70,77,85,"1","1","1",16.85,16.86666667,12.06666667,62,76,118,"KA","KA","KA",1,1,1,"damp","damp","dry",0.7,1.7,0.7,"400","400","400",0.0377403279828471,0.0377403279828471,0.0377403279828471,2.17,2.17,2.17,"1","1","1"
"338","SYC_P05","2",69.1,92,90,"1","1","1",14.78333333,16.13333333,14.66666667,162,179,208,"CL","KA","KA",1,1,1,"dry","dry","dry",3.2,0.4,1.9,"400","400","400",0.109199291964992,0.109199291964992,0.109199291964992,2.17,2.17,2.17,"2","2","2"
"339","SYC_P05","3",82,91,63.3,"1","1","3",17.23333333,14.6,13.43333333,262,278,303,"KA","KA","CL",1,1,2,"dry","dry","dry",0.6,1.3,1.4,"400","400","400",0.207639364778244,0.207639364778244,0.207639364778244,2.17,2.17,2.17,"3","3","3"
"340","SYC_P05","5",73.4,66.6,NA,"1","3",NA,13.06666667,14.75,NA,115,141,NA,"CL","CL",NA,1,2,NA,"dry","dry",NA,3.4,2.2,NA,"400","400",NA,0.0377403275384026,0.0377403275384026,NA,2.17,2.17,2.17,"5","5","5"
"341","SYC_P06","1",73,81,86,"1","1","1",15.93333333,15.91666667,12.6,62,76,118,"KA","KA","KA",1,1,1,"damp","damp","dry",0.7,1.7,0.7,"400","400","400",3.30010126479079,3.30010126479079,3.30010126479079,2.02,2.02,2.02,"1","1","1"
"342","SYC_P06","2",61.5,93,96,"3","1","1",11.06666667,15.46666667,13.68333333,162,179,208,"CL","KA","KA",1,1,1,"dry","dry","dry",4.5,0.8,2,"400","400","400",3.47649512195147,3.47649512195147,3.47649512195147,2.02,2.02,2.02,"2","2","2"
"343","SYC_P06","3",81,87,62.7,"1","1","3",15.05,16.8,12.15,262,278,303,"KA","KA","CL",1,1,2,"dry","dry","dry",1.4,1.2,4,"400","400","400",2.90521826601316,2.90521826601316,2.90521826601316,2.02,2.02,2.02,"3","3","3"
"344","SYC_P06","5",71.4,63,NA,"1","3",NA,12.31666667,13.85,NA,115,141,NA,"CL","CL",NA,1,2,NA,"dry","dry",NA,4.1,4.5,NA,"400","400",NA,3.30010126473972,3.30010126473972,NA,2.02,2.02,2.02,"5","5","5"
"345","SYC_P07","1",74,78,75,"1","1","1",15.41666667,15.26666667,11.36666667,62,76,118,"KA","KA","KA",1,1,1,"damp","dry","dry",0.7,0.7,0.7,"400","400","400",3.78418963391826,3.78418963391826,3.78418963391826,4.69,4.69,4.69,"1","1","1"
"346","SYC_P07","2",65.4,92.7,93,"1","1","1",12.18333333,11.51666667,12.06666667,162,183,208,"CL","KA","KA",1,1,1,"dry","dry","dry",5.4,1.7,1.3,"400","400","400",3.28293346116842,3.28293346116842,3.28293346116842,4.69,4.69,4.69,"2","2","2"
"347","SYC_P07","3",83,87,64.8,"1","1","3",15.51666667,15.4,11.55,262,278,303,"KA","KA","CL",1,1,2,"dry","dry","dry",1.9,1,2.1,"400","400","400",2.87963051606475,2.87963051606475,2.87963051606475,4.69,4.69,4.69,"3","3","3"
"348","SYC_P07","5",70.4,60,NA,"1","3",NA,11.43333333,17.75,NA,115,141,NA,"CL","CL",NA,1,2,NA,"dry","dry",NA,4.1,2.6,NA,"400","400",NA,3.78418963407735,3.78418963407735,NA,4.69,4.69,4.69,"5","5","5"
"349","SYC_P08","1",76,79,75,"1","1","1",10.9,14.68333333,10.9,62,76,118,"KA","KA","KA",1,1,1,"damp","damp","dry",0.7,0.7,0.7,"400","400","400",2.66444656362008,2.66444656362008,2.66444656362008,3.05,3.05,3.05,"1","1","1"
"350","SYC_P08","2",68,95.4,90,"1","1","1",13.55,12.01666667,12.86666667,162,183,208,"CL","KA","KA",1,1,1,"dry","dry","dry",4.6,1.7,2.7,"400","400","400",1.94591014905531,1.94591014905531,1.94591014905531,3.05,3.05,3.05,"2","2","2"
"351","SYC_P08","3",85,87,65.6,"1","1","3",16.1,16.06666667,9.95,262,278,303,"KA","KA","CL",1,1,2,"dry","dry","dry",0.7,0.6,2.4,"400","400","400",2.40138567773814,2.40138567773814,2.40138567773814,3.05,3.05,3.05,"3","3","3"
"352","SYC_P08","5",72.7,61.5,NA,"1","3",NA,10.01666667,17.15,NA,115,141,NA,"CL","CL",NA,1,2,NA,"dry","dry",NA,1.9,2.2,NA,"400","400",NA,2.66444656362008,2.66444656362008,NA,3.05,3.05,3.05,"5","5","5"
"353","SYP_P01","1",62,70,65,"1","1","1",10.78333333,13.18333333,15.63333333,17,29,55,"CL","CL","KA",2,1,1,"damp","damp","damp",0.7,1.7,0.7,"200","200","400",0.143100843640673,0.143100843640673,0.143100843640673,2.11,2.11,2.11,"1","1","1"
"354","SYP_P01","2",80,74,69.2,"1","1","1",9.65,16.5,14.96666667,124,146,161,"KA","KA","CL",1,1,1,"dry","dry","dry",0.6,0.9,2,"400","400","400",0,0,0,2.11,2.11,2.11,"2","2","2"
"355","SYP_P01","3",86,84,84,"1","1","1",18.46666667,11.96666667,17.23333333,225,248,271,"KA","KA","KA",1,1,1,"dry","dry","dry",0.9,1.6,1,"400","400","400",0.0377403279828471,0.0377403279828471,0.0377403279828471,2.11,2.11,2.11,"3","3","3"
"356","SYP_P01","5",73.8,72.2,NA,"1","1",NA,16.26666667,13.28333333,NA,116,140,NA,"CL","CL",NA,1,2,NA,"dry","dry",NA,2,2.3,NA,"400","400",NA,0,0,NA,2.11,2.11,2.11,"5","5","5"
"357","SYP_P02","1",59,72,64,"1","1","1",12.96666667,14.26666667,16.35,17,29,55,"CL","CL","KA",2,1,1,"damp","damp","damp",0.7,1.7,1.7,"200","200","400",0,0,0,3.13,3.13,3.13,"1","1","1"
"358","SYP_P02","2",82,67,64.1,"1","1","3",10.91666667,17.78333333,13.2,124,146,161,"KA","KA","CL",1,1,1,"dry","dry","dry",0.7,1.3,3.2,"400","400","400",0.0377403279828471,0.0377403279828471,0.0377403279828471,3.13,3.13,3.13,"2","2","2"
"359","SYP_P02","3",86,88,88,"1","1","1",17.96666667,13.2,16,225,248,271,"KA","KA","KA",1,1,1,"dry","dry","dry",0.9,1.7,2.1,"400","400","400",0,0,0,3.13,3.13,3.13,"3","3","3"
"360","SYP_P02","5",72.5,61.5,NA,"1","1",NA,15.85,11.28333333,NA,116,140,NA,"CL","CL",NA,1,2,NA,"dry","dry",NA,4.1,2.3,NA,"400","400",NA,0.0377403275384026,0.0377403275384026,NA,3.13,3.13,3.13,"5","5","5"
"361","SYP_P03","1",59,67,60,"1","1","1",11.71666667,13.76666667,16.2,17,29,59,"CL","CL","KA",2,1,1,"damp","damp","damp",0.7,1.7,0.7,"200","200","400",0.109199291964992,0.109199291964992,0.109199291964992,2.96,2.96,2.96,"1","1","1"
"362","SYP_P03","2",80,65,67.9,"1","1","3",10.38333333,18.71666667,14.13333333,124,146,161,"KA","KA","CL",1,1,1,"dry","dry","dry",0.7,1.7,2.1,"400","400","400",0.0741079721537219,0.0741079721537219,0.0741079721537219,2.96,2.96,2.96,"2","2","2"
"363","SYP_P03","3",84,94,88,"1","1","1",17.25,12.58333333,16.58333333,225,248,271,"KA","KA","KA",1,1,1,"dry","dry","dry",1.3,1,0.7,"400","400","400",0,0,0,2.96,2.96,2.96,"3","3","3"
"364","SYP_P03","5",74.9,67.6,NA,"1","1",NA,15.33333333,12.38333333,NA,116,140,NA,"CL","CL",NA,1,2,NA,"dry","dry",NA,2,1.6,NA,"400","400",NA,0.074107971296579,0.074107971296579,NA,2.96,2.96,2.96,"5","5","5"
"365","SYP_P04","1",55,69,60,"1","1","1",9.783333333,15.23333333,16.9,17,29,59,"CL","CL","KA",2,1,1,"damp","damp","damp",0.7,3.9,0.7,"200","200","400",1.41473229644042,1.41473229644042,1.41473229644042,1,1,1,"1","1","1"
"366","SYP_P04","2",86,74,70.3,"1","1","1",11.95,16.28333333,16.11666667,124,146,161,"KA","KA","CL",1,1,1,"dry","dry","dry",1.6,0,1.6,"400","400","400",1.26369203902756,1.26369203902756,1.26369203902756,1,1,1,"2","2","2"
"367","SYP_P04","3",90,91,84,"1","1","1",16.26666667,14.21666667,18.05,225,248,271,"KA","KA","KA",1,1,1,"dry","dry","dry",0.9,1.5,0,"400","400","400",1.48683559034177,1.48683559034177,1.48683559034177,1,1,1,"3","3","3"
"368","SYP_P04","5",71.2,70.6,NA,"1","1",NA,17.11666667,15.1,NA,116,140,NA,"CL","CL",NA,1,2,NA,"dry","dry",NA,1.7,2.1,NA,"400","400",NA,1.26369203917973,1.26369203917973,NA,1,1,1,"5","5","5"
