"","PointGrp","hou.5","fire","trwid","asp10","chili10","elev10","slope10","mds1","mds2","Season","cyclist","dog","equestrian","hiker","motorized","allhuman","cyc.ln","dog.ln","eq.ln","hik.ln","mot.ln","allhum.ln","ndvi"
"1","BAR_P01",0,14,2.86,112.6915205,213.2675439,435.774653,2.121345029,-0.307495430215041,-0.563670245194913,"1",0.884615384615385,10.5,2.80769230769231,27.3846153846154,0,41.5769230769231,0.633723760089145,2.4423470353692,1.33702331211311,3.34584728657899,0,3.75131239468716,0.327842711
"2","BAR_P01",0,14,2.86,112.6915205,213.2675439,435.774653,2.121345029,-0.307495430215041,-0.563670245194913,"2",0.923076923076923,7.19230769230769,2.34615384615385,24.1923076923077,0.807692307692308,35.4615384615385,0.653926467406664,2.10319562768794,1.2078115806331,3.22653869761377,0.592051063688577,3.59625796423354,0.304458757
"3","BAR_P01",0,14,2.86,112.6915205,213.2675439,435.774653,2.121345029,-0.307495430215041,-0.563670245194913,"3",0.884615384615385,4.61538461538461,2.69230769230769,13.9230769230769,0,22.1153846153846,0.633723760089145,1.72551008368685,1.30625165344635,2.70290880160179,0,3.14049839651372,0.333262149
"4","BAR_P01",0,14,2.86,112.6915205,213.2675439,435.774653,2.121345029,-0.307495430215041,-0.563670245194913,"5",0.923076923,7.192307692,2.346153846,24.19230769,0.807692308,35.461538459,0.653926467366664,2.10319562765038,1.20781158058712,3.22653869752217,0.592051063858789,3.59625796416392,0.566296458
"5","BAR_P02",0,14,2.62,345.7578009,197.2526003,446.0772949,7.372956909,-0.199950395785759,-0.0543205513211743,"1",1.57692307692308,6.19230769230769,3.84615384615385,17.5384615384615,0,29.1538461538461,0.946596081369485,1.9730120788331,1.57818536893,2.91984757602912,0,3.40631248232892,0.398269956
"6","BAR_P02",0,14,2.62,345.7578009,197.2526003,446.0772949,7.372956909,-0.199950395785759,-0.0543205513211743,"2",1.15384615384615,4.5,3.07692307692308,18.2692307692308,0.192307692307692,27.1923076923077,0.767255152713665,1.70474809223843,1.40534255609059,2.95850956306338,0.175890666463664,3.33904916386517,0.336459417
"7","BAR_P02",0,14,2.62,345.7578009,197.2526003,446.0772949,7.372956909,-0.199950395785759,-0.0543205513211743,"3",1.38461538461538,8.19230769230769,4.88461538461539,22.2692307692308,0,36.7307692307693,0.869037847023608,2.21836701391003,1.77234138337095,3.14713192000936,0,3.63047592154388,0.381686054
"8","BAR_P02",0,14,2.62,345.7578009,197.2526003,446.0772949,7.372956909,-0.199950395785759,-0.0543205513211743,"5",1.153846154,4.5,3.076923077,18.26923077,0.192307692,27.192307693,0.767255152785096,1.70474809223843,1.40534255610945,2.9585095631033,0.1758906662056,3.33904916388973,0.526184344
"9","BAR_P03",0,14,2.78,212.6853253,234.2390318,442.2756371,10.74583964,0.0786312553398733,0.0155375902360014,"1",0.192307692307692,8.03846153846154,0.961538461538462,20.2307692307692,0,29.4230769230769,0.175890666463664,2.20148897612268,0.673729094702844,3.05545150825561,0,3.41520142974617,0.331545044
"10","BAR_P03",0,14,2.78,212.6853253,234.2390318,442.2756371,10.74583964,0.0786312553398733,0.0155375902360014,"2",0.576923076923077,5.30769230769231,2.34615384615385,16.6923076923077,0.653846153846154,25.5769230769231,0.455475528682826,1.84176988980272,1.2078115806331,2.87312995146166,0.50310357767208,3.28004328574619,0.300885512
"11","BAR_P03",0,14,2.78,212.6853253,234.2390318,442.2756371,10.74583964,0.0786312553398733,0.0155375902360014,"3",0.692307692307692,3.84615384615385,1.80769230769231,7.34615384615385,0,13.6923076923077,0.526093095896779,1.57818536893,1.03236290312691,2.12180081551898,0,2.68732407058509,0.328300159
"12","BAR_P03",0,14,2.78,212.6853253,234.2390318,442.2756371,10.74583964,0.0786312553398733,0.0155375902360014,"5",0.576923077,5.307692308,2.346153846,16.69230769,0.653846154,25.576923075,0.455475528731606,1.8417698898515,1.20781158058712,2.87312995133122,0.503103577765104,3.28004328567383,0.523001372
"13","BDO_P01",0,14,2.72,105.112426,208.6360947,459.1451869,10.96449704,0.150118235504786,-0.147731664605726,"1",0,0,0,0.653846153846154,0.961538461538462,1.61538461538462,0,0,0,0.50310357767208,0.673729094702844,0.961411167154625,0.403537277
"14","BDO_P01",0,14,2.72,105.112426,208.6360947,459.1451869,10.96449704,0.150118235504786,-0.147731664605726,"2",0,0,0,0,0.4,0.4,0,0,0,0,0.336472236621213,0.336472236621213,0.390085843
"15","BDO_P01",0,14,2.72,105.112426,208.6360947,459.1451869,10.96449704,0.150118235504786,-0.147731664605726,"3",0,0,0,0,0.388888888888889,0.388888888888889,0,0,0,0,0.328504066972036,0.328504066972036,0.389446189
"16","BDO_P01",0,14,2.72,105.112426,208.6360947,459.1451869,10.96449704,0.150118235504786,-0.147731664605726,"5",0,0,0,0.653846154,0.961538462,1.615384616,0,0,0,0.503103577765104,0.673729094938138,0.961411167389919,0.500772094
"17","BDO_P02",0,14,2.52,201.0323529,217.5558824,447.3095659,1.777941176,0.0752489756571651,-0.057609637779998,"1",0,0,0,0.384615384615385,0.576923076923077,0.961538461538462,0,0,0,0.325422400434628,0.455475528682826,0.673729094702844,0.409064719
"18","BDO_P02",0,14,2.52,201.0323529,217.5558824,447.3095659,1.777941176,0.0752489756571651,-0.057609637779998,"2",0.134615384615385,0,0,0,0.153846153846154,0.288461538461539,0.126293725324292,0,0,0,0.143100843640673,0.253448900809539,0.352298533
"19","BDO_P02",0,14,2.52,201.0323529,217.5558824,447.3095659,1.777941176,0.0752489756571651,-0.057609637779998,"3",0,0,0,0,0.461538461538462,0.461538461538462,0,0,0,0,0.379489621704904,0.379489621704904,0.369103812
"20","BDO_P02",0,14,2.52,201.0323529,217.5558824,447.3095659,1.777941176,0.0752489756571651,-0.057609637779998,"5",0,0,0,0.384615385,0.576923077,0.961538462,0,0,0,0.325422400712406,0.455475528731606,0.673729094938138,0.534245294
"21","BDO_P03",0,14,2.65,175.5945122,236.0884146,490.9824353,13.92530488,0.100728832589951,-0.0445486587228476,"1",0,0,0,0,0,0,0,0,0,0,0,0,0.367147639
"22","BDO_P03",0,14,2.65,175.5945122,236.0884146,490.9824353,13.92530488,0.100728832589951,-0.0445486587228476,"2",0,0,0,0,0,0,0,0,0,0,0,0,0.300886207
"23","BDO_P03",0,14,2.65,175.5945122,236.0884146,490.9824353,13.92530488,0.100728832589951,-0.0445486587228476,"3",0,0.0384615384615385,0,0,0,0.0384615384615385,0,0.0377403279828471,0,0,0,0.0377403279828471,0.324432143
"24","BDO_P03",0,14,2.65,175.5945122,236.0884146,490.9824353,13.92530488,0.100728832589951,-0.0445486587228476,"5",0,0,0,0,0,0,0,0,0,0,0,0,0.455104299
"25","BDO_P04",0,14,2.32,76.65583456,209.8774003,548.2186421,3.1816839,-0.104177383984688,0.0682516561317383,"1",0,0,0.0769230769230769,0,0,0.0769230769230769,0,0,0.0741079721537219,0,0,0.0741079721537219,0.378713127
"26","BDO_P04",0,14,2.32,76.65583456,209.8774003,548.2186421,3.1816839,-0.104177383984688,0.0682516561317383,"2",0,0,0,0,0.105263157894737,0.105263157894737,0,0,0,0,0.100083458556983,0.100083458556983,0.317560455
"27","BDO_P04",0,14,2.32,76.65583456,209.8774003,548.2186421,3.1816839,-0.104177383984688,0.0682516561317383,"3",0,0,0,0,0.192307692307692,0.192307692307692,0,0,0,0,0.175890666463664,0.175890666463664,0.336713329
"28","BDO_P04",0,14,2.32,76.65583456,209.8774003,548.2186421,3.1816839,-0.104177383984688,0.0682516561317383,"5",0,0,0.076923077,0,0,0.076923077,0,0,0.0741079722251505,0,0,0.0741079722251505,0.482695525
"29","BLS_P01",0,10,7.12,192.891369,228.0491071,234.1212757,6.912202381,-0.0409701928430249,0.0933432421313729,"1",0.0769230769230769,15.6538461538462,0.384615384615385,144.076923076923,4.80769230769231,165,0.0741079721537219,2.81264118998101,0.325422400434628,4.97726410573187,1.75918329879344,5.11198778835654,0.331241136
"30","BLS_P01",0,10,7.12,192.891369,228.0491071,234.1212757,6.912202381,-0.0409701928430249,0.0933432421313729,"2",0.423076923076923,15.6346153846154,0.230769230769231,217.942307692308,3.92307692307692,238.153846153846,0.352821374622742,2.81148578835045,0.207639364778245,5.38880825991641,1.59393372589813,5.47710705259722,0.337731488
"31","BLS_P01",0,10,7.12,192.891369,228.0491071,234.1212757,6.912202381,-0.0409701928430249,0.0933432421313729,"3",0.461538461538462,5.69230769230769,0,110.211538461538,3.03846153846154,119.403846153846,0.379489621704904,1.90095876119305,0,4.71143413957679,1.39586381213604,4.79085147716388,0.33940146
"32","BLS_P01",0,10,7.12,192.891369,228.0491071,234.1212757,6.912202381,-0.0409701928430249,0.0933432421313729,"5",0.423076923,15.63461538,0.230769231,217.9423077,3.923076923,238.153846157,0.352821374568688,2.811485788073,0.207639364965745,5.38880825995155,1.59393372588251,5.4771070526104,0.503632721
"33","BLS_P02",0,10,4.14,7.641901932,195.0237741,207.7104261,6.970282318,0.0878821202512396,-0.0197201650133592,"1",0.230769230769231,13.75,0.192307692307692,87.3653846153846,9.73076923076923,111.269230769231,0.207639364778245,2.69124308278583,0.175890666463664,4.48148031620836,2.37311524379988,4.72089983283263,0.500349557
"34","BLS_P02",0,10,4.14,7.641901932,195.0237741,207.7104261,6.970282318,0.0878821202512396,-0.0197201650133592,"2",0.576923076923077,19.5769230769231,0.230769230769231,178.346153846154,4.15384615384615,202.884615384616,0.455475528682826,3.02417020887453,0.207639364778245,5.18931775878684,1.63974326192943,5.31755422296632,0.445831047
"35","BLS_P02",0,10,4.14,7.641901932,195.0237741,207.7104261,6.970282318,0.0878821202512396,-0.0197201650133592,"3",0.115384615384615,12.9807692307692,0,133.980769230769,1.84615384615385,148.923076923077,0.109199291964992,2.63768275895209,0,4.90513231814899,1.04596855518269,5.01012234204602,0.482893493
"36","BLS_P02",0,10,4.14,7.641901932,195.0237741,207.7104261,6.970282318,0.0878821202512396,-0.0197201650133592,"5",0.576923077,19.57692308,0.230769231,178.3461538,4.153846154,202.884615342,0.455475528731606,3.02417020902406,0.207639364965745,5.18931775852949,1.63974326195928,5.31755422275731,0.580362322
"37","BLS_P03",8,10,8.31,317.610119,201.3630952,222.5248795,9.294642857,-0.083118417272267,0.0708130349924637,"1",0,0.576923076923077,0,1.76923076923077,0.461538461538462,2.80769230769231,0,0.455475528682826,0,1.01856958099457,0.379489621704904,1.33702331211311,0.338149991
"38","BLS_P03",8,10,8.31,317.610119,201.3630952,222.5248795,9.294642857,-0.083118417272267,0.0708130349924637,"2",0.153846153846154,0.769230769230769,0,1.38461538461538,0,2.3076923076923,0.143100843640673,0.570544858467613,0,0.869037847023608,0,1.19625075823202,0.288971022
"39","BLS_P03",8,10,8.31,317.610119,201.3630952,222.5248795,9.294642857,-0.083118417272267,0.0708130349924637,"3",0,0.0769230769230769,0,0.346153846153846,0,0.423076923076923,0,0.0741079721537219,0,0.297251523467931,0,0.352821374622742,0.318294017
"40","BLS_P03",8,10,8.31,317.610119,201.3630952,222.5248795,9.294642857,-0.083118417272267,0.0708130349924637,"5",0.153846154,0.769230769,0,1.384615385,0,2.307692308,0.143100843774007,0.570544858337178,0,0.8690378471849,0,1.19625075832505,0.466901513
"41","BMT_P03",12,28,2.91,142.45,217.3617647,213.4232258,3.783823529,-0.0697307992906348,0.0781252690276412,"1",10.7307692307692,3,0,12.0769230769231,1.23076923076923,27.0384615384615,2.46221523858593,1.38629436111989,0,2.57084907958873,0.802346472524937,3.33357719398718,0.299425359
"42","BMT_P03",12,28,2.91,142.45,217.3617647,213.4232258,3.783823529,-0.0697307992906348,0.0781252690276412,"2",8.94736842105263,5.10526315789474,0,9.31578947368421,0.105263157894737,23.4736842105263,2.2973080358932,1.80915121193992,0,2.33367568006408,0.100083458556983,3.19759842642092,0.249350041
"43","BMT_P03",12,28,2.91,142.45,217.3617647,213.4232258,3.783823529,-0.0697307992906348,0.0781252690276412,"3",3,3.73076923076923,0,8.59615384615385,0.461538461538462,15.7884615384615,1.38629436111989,1.55408781735094,0,2.26136237717009,0.379489621704904,2.82069183725817,0.252579891
"44","BMT_P03",12,28,2.91,142.45,217.3617647,213.4232258,3.783823529,-0.0697307992906348,0.0781252690276412,"5",8.947368421,5.105263158,0,9.315789474,0.105263158,23.473684211,2.29730803588791,1.80915121195717,0,2.33367568009469,0.100083458652221,3.19759842644027,0.57273823
"45","BMT_P04",0,3,2.81,237.1460843,187.9337349,141.7587274,10.2876506,-0.265268578719414,-0.296077234921286,"1",3.34615384615385,0.576923076923077,0,3.69230769230769,0.423076923076923,8.03846153846154,1.46929128069086,0.455475528682826,0,1.54592450671177,0.352821374622742,2.20148897612268,0.293608846
"46","BMT_P04",0,3,2.81,237.1460843,187.9337349,141.7587274,10.2876506,-0.265268578719414,-0.296077234921286,"2",4.57692307692308,0.576923076923077,0,4,0.461538461538462,9.61538461538462,1.71863720439909,0.455475528682826,0,1.6094379124341,0.379489621704904,2.36230432769567,0.232282452
"47","BMT_P04",0,3,2.81,237.1460843,187.9337349,141.7587274,10.2876506,-0.265268578719414,-0.296077234921286,"3",0.4,0.28,0,1.4,0,2.08,0.336472236621213,0.246860077931526,0,0.8754687373539,0,1.12492959698548,0.250743649
"48","BMT_P04",0,3,2.81,237.1460843,187.9337349,141.7587274,10.2876506,-0.265268578719414,-0.296077234921286,"5",4.576923077,0.576923077,0,4,0.461538462,9.615384616,1.71863720441289,0.455475528731606,0,1.6094379124341,0.379489622020693,2.36230432775364,0.581718298
"49","BMT_P05",60,44,1.59,333.4338235,203.5735294,171.8443367,5.755882353,-0.00338157248421266,0.0451962998807637,"1",0.0769230769230769,0.0769230769230769,0,1,0,1.15384615384615,0.0741079721537219,0.0741079721537219,0,0.693147180559945,0,0.767255152713667,0.382458822
"50","BMT_P05",60,44,1.59,333.4338235,203.5735294,171.8443367,5.755882353,-0.00338157248421266,0.0451962998807637,"2",0.192307692307692,0.153846153846154,0,0.846153846153846,0,1.19230769230769,0.175890666463664,0.143100843640673,0,0.613104472886409,0,0.784954729813068,0.291656157
"51","BMT_P05",60,44,1.59,333.4338235,203.5735294,171.8443367,5.755882353,-0.00338157248421266,0.0451962998807637,"3",0.0384615384615385,0.269230769230769,0,1.15384615384615,0,1.46153846153846,0.0377403279828471,0.238411023444998,0,0.767255152713665,0,0.900786545338188,0.319195472
"52","BMT_P05",60,44,1.59,333.4338235,203.5735294,171.8443367,5.755882353,-0.00338157248421266,0.0451962998807637,"5",0.076923077,0.076923077,0,1,0,1.153846154,0.0741079722251505,0.0741079722251505,0,0.693147180559945,0,0.767255152785096,0.551000866
"53","BMT_P06",20,74,1.17,150.9107143,224.4270833,365.8834215,9.37797619,0.146162538317157,-0.131367288404788,"1",0.846153846153846,2.5,0,4.98076923076923,0,8.32692307692308,0.613104472886409,1.25276296849537,0,1.78854919359781,0,2.23290517235606,0.41694439
"54","BMT_P06",20,74,1.17,150.9107143,224.4270833,365.8834215,9.37797619,0.146162538317157,-0.131367288404788,"2",0.923076923076923,2.38461538461538,0,3.92307692307692,0,7.23076923076922,0.653926467406664,1.21924027645672,0,1.59393372589813,0,2.10787947700037,0.383396313
"55","BMT_P06",20,74,1.17,150.9107143,224.4270833,365.8834215,9.37797619,0.146162538317157,-0.131367288404788,"3",0.0384615384615385,1.76923076923077,0,5.84615384615385,0,7.65384615384616,0.0377403279828471,1.01856958099457,0,1.9236870122706,0,2.15800386418294,0.385771879
"56","BMT_P06",20,74,1.17,150.9107143,224.4270833,365.8834215,9.37797619,0.146162538317157,-0.131367288404788,"5",0.846153846,2.5,0,4.980769231,0,8.326923077,0.613104472803076,1.25276296849537,0,1.78854919363639,0,2.2329051723643,0.514288137
"57","BMT_P07",77,28,1.33,148.4702381,217.7306548,119.5943429,3.34077381,0.0322742968871886,0.0226765958080629,"1",10.5769230769231,0.230769230769231,0,1.96153846153846,0,12.7692307692308,2.4490137267274,0.207639364778245,0,1.0857088838322,0,2.62243644837922,0.313773191
"58","BMT_P07",77,28,1.33,148.4702381,217.7306548,119.5943429,3.34077381,0.0322742968871886,0.0226765958080629,"2",2.76923076923077,0.115384615384615,0,0.653846153846154,0,3.53846153846154,1.32687094064909,0.109199291964992,0,0.50310357767208,0,1.51258808644418,0.268077289
"59","BMT_P07",77,28,1.33,148.4702381,217.7306548,119.5943429,3.34077381,0.0322742968871886,0.0226765958080629,"3",0.346153846153846,0.423076923076923,0,0.807692307692308,0,1.57692307692308,0.297251523467931,0.352821374622742,0,0.592051063688577,0,0.946596081369484,0.291944868
"60","BMT_P07",77,28,1.33,148.4702381,217.7306548,119.5943429,3.34077381,0.0322742968871886,0.0226765958080629,"5",10.57692308,0.230769231,0,1.961538462,0,12.769230773,2.44901372699317,0.207639364965745,0,1.08570888398805,0,2.62243644865296,0.562020211
"61","BMT_P08",16,74,3.7,165.8823529,229.9411765,334.2777837,10.81323529,0.121270834078121,-0.0798047304905179,"1",3.21153846153846,8.11538461538461,0,57,0,68.3269230769231,1.43782801123507,2.20996360311365,0,4.06044301054642,0,4.23883333113762,0.365146657
"62","BMT_P08",16,74,3.7,165.8823529,229.9411765,334.2777837,10.81323529,0.121270834078121,-0.0798047304905179,"2",3.95833333333333,8.875,0,66.1875,0,79.0208333333333,1.60106966276358,2.29000631078719,0,4.20748721832198,0,4.38228701743801,0.321707251
"63","BMT_P08",16,74,3.7,165.8823529,229.9411765,334.2777837,10.81323529,0.121270834078121,-0.0798047304905179,"3",2.61538461538462,3.92307692307692,0,52.7692307692308,0,59.3076923076923,1.28519824424852,1.59393372589813,0,3.98470138477227,0,4.09945966288887,0.348111952
"64","BMT_P08",16,74,3.7,165.8823529,229.9411765,334.2777837,10.81323529,0.121270834078121,-0.0798047304905179,"5",3.958333333,8.875,0,66.1875,0,79.020833333,1.60106966269636,2.29000631078719,0,4.20748721832198,0,4.38228701743385,0.484452941
"65","BMT_P09",23,74,1.17,158.1081871,224.004386,356.0130044,6.894736842,0.0353873589750403,0.0625136613970632,"1",2.38461538461538,0.307692307692308,0,4.80769230769231,0,7.5,1.21924027645672,0.26826398659468,0,1.75918329879344,0,2.14006616349627,0.386630097
"66","BMT_P09",23,74,1.17,158.1081871,224.004386,356.0130044,6.894736842,0.0353873589750403,0.0625136613970632,"2",0.269230769230769,0.269230769230769,0,2.23076923076923,0,2.76923076923077,0.238411023444998,0.238411023444998,0,1.17272026082183,0,1.32687094064909,0.310724665
"67","BMT_P09",23,74,1.17,158.1081871,224.004386,356.0130044,6.894736842,0.0353873589750403,0.0625136613970632,"3",0.461538461538462,0,0,0.961538461538462,0,1.42307692307692,0.379489621704904,0,0,0.673729094702844,0,0.885038188370051,0.314562261
"68","BMT_P09",23,74,1.17,158.1081871,224.004386,356.0130044,6.894736842,0.0353873589750403,0.0625136613970632,"5",0.269230769,0.269230769,0,2.230769231,0,2.769230769,0.23841102326318,0.23841102326318,0,1.17272026089326,0,1.32687094058787,0.520255541
"69","BMT_P10",16,74,4.37,269.8102941,219.9,344.4527067,16.29117647,-0.227876864325504,-0.157670208064911,"1",0.0769230769230769,2.42307692307692,0,15.4230769230769,0,17.9230769230769,0.0741079721537219,1.23053983171066,0,2.79868747520714,0,2.94038217847082,0.355940688
"70","BMT_P10",16,74,4.37,269.8102941,219.9,344.4527067,16.29117647,-0.227876864325504,-0.157670208064911,"2",0.576923076923077,2.61538461538462,0,12.3846153846154,0,15.5769230769231,0.455475528682826,1.28519824424852,0,2.59410594175299,0,2.80801155208227,0.248880273
"71","BMT_P10",16,74,4.37,269.8102941,219.9,344.4527067,16.29117647,-0.227876864325504,-0.157670208064911,"3",0,0.384615384615385,0,3.26923076923077,0,3.65384615384616,0,0.325422400434628,0,1.45143366329085,0,1.53769400757526,0.290584359
"72","BMT_P10",16,74,4.37,269.8102941,219.9,344.4527067,16.29117647,-0.227876864325504,-0.157670208064911,"5",0.576923077,2.615384615,0,12.38461538,0,15.576923072,0.455475528731606,1.28519824414214,0,2.59410594140816,0,2.80801155178528,0.510779031
"73","CRE_P01",1,14,2.26,345.3424242,194.5848485,445.6544995,8.728787879,0.113902303315001,-0.0598482454908859,"1",5.53846153846154,0.846153846153846,0.192307692307692,3.92307692307692,0.423076923076923,10.9230769230769,1.87770189902878,0.613104472886409,0.175890666463664,1.59393372589813,0.352821374622742,2.47847575945771,0.395432116
"74","CRE_P01",1,14,2.26,345.3424242,194.5848485,445.6544995,8.728787879,0.113902303315001,-0.0598482454908859,"2",7.15384615384615,1.69230769230769,0.384615384615385,3.42307692307692,0.192307692307692,12.8461538461538,2.09848973665053,0.990398704027876,0.325422400434628,1.48683559034177,0.175890666463664,2.62800749342867,0.344242221
"75","CRE_P01",1,14,2.26,345.3424242,194.5848485,445.6544995,8.728787879,0.113902303315001,-0.0598482454908859,"3",2.11538461538462,0.423076923076923,0.115384615384615,2.19230769230769,0,4.84615384615385,1.13635261665096,0.352821374622742,0.109199291964992,1.16074406977512,0,1.76578398282479,0.356261843
"76","CRE_P01",1,14,2.26,345.3424242,194.5848485,445.6544995,8.728787879,0.113902303315001,-0.0598482454908859,"5",7.153846154,1.692307692,0.384615385,3.423076923,0.192307692,12.846153846,2.0984897366694,0.990398703913591,0.325422400712406,1.48683559032438,0.1758906662056,2.62800749341756,0.497925996
"77","CRE_P02",31,14,7.14,238.7110778,197.9775449,356.1579071,7.112275449,0.0723615184272497,-0.0528940207521604,"1",6.07692307692308,1.88461538461538,0.0769230769230769,7.76923076923077,0.538461538461538,16.3461538461538,1.9568392195875,1.05939157551483,0.0741079721537219,2.17124909093296,0.430782916092454,2.8533708014812,0.37789171
"78","CRE_P02",31,14,7.14,238.7110778,197.9775449,356.1579071,7.112275449,0.0723615184272497,-0.0528940207521604,"2",2.03846153846154,0.461538461538462,0.461538461538462,8.26923076923077,0.192307692307692,11.4230769230769,1.11135131444554,0.379489621704904,0.379489621704904,2.22670039546917,0.175890666463664,2.51955578520117,0.329459217
"79","CRE_P02",31,14,7.14,238.7110778,197.9775449,356.1579071,7.112275449,0.0723615184272497,-0.0528940207521604,"3",1.76923076923077,0.615384615384615,0.423076923076923,5.88461538461539,0.307692307692308,9.00000000000001,1.01856958099457,0.479573080261886,0.352821374622742,1.92928926781927,0.26826398659468,2.30258509299405,0.367462372
"80","CRE_P02",31,14,7.14,238.7110778,197.9775449,356.1579071,7.112275449,0.0723615184272497,-0.0528940207521604,"5",6.076923077,1.884615385,0.076923077,7.769230769,0.538461538,16.346153846,1.95683921959837,1.05939157564816,0.0741079722251505,2.17124909090664,0.430782915792454,2.85337080147233,0.483542445
"81","CRE_P03",0,14,2.56,249.0044643,223.3154762,404.753142,6.831845238,0.0316600467625684,0.0434519174185627,"1",4.65384615384615,1,0.461538461538462,2,0,8.11538461538461,1.73233604875725,0.693147180559945,0.379489621704904,1.09861228866811,0,2.20996360311365,0.382663648
"82","CRE_P03",0,14,2.56,249.0044643,223.3154762,404.753142,6.831845238,0.0316600467625684,0.0434519174185627,"2",0.865384615384615,0.115384615384615,1.5,1.23076923076923,0.153846153846154,3.86538461538461,0.623467259921955,0.109199291964992,0.916290731874155,0.802346472524937,0.143100843640673,1.58214577014609,0.386873297
"83","CRE_P03",0,14,2.56,249.0044643,223.3154762,404.753142,6.831845238,0.0316600467625684,0.0434519174185627,"3",1.88461538461538,0.0384615384615385,0.576923076923077,1.26923076923077,0,3.76923076923077,1.05939157551483,0.0377403279828471,0.455475528682826,0.819440905884238,0,1.56218502758355,0.385316263
"84","CRE_P03",0,14,2.56,249.0044643,223.3154762,404.753142,6.831845238,0.0316600467625684,0.0434519174185627,"5",4.653846154,1,0.461538462,2,0,8.115384616,1.73233604878447,0.693147180559945,0.379489622020693,1.09861228866811,0,2.20996360318116,0.487940246
"85","CRE_P04",0,14,1.22,276.5673653,217.0583832,412.8536869,12.86976048,0.0261501842224124,0.0909529062393932,"1",2.03846153846154,1.19230769230769,0.961538461538462,5.73076923076923,0,9.92307692307692,1.11135131444554,0.784954729813067,0.673729094702844,1.90668943590203,0,2.39087770013972,0.357177526
"86","CRE_P04",0,14,1.22,276.5673653,217.0583832,412.8536869,12.86976048,0.0261501842224124,0.0909529062393932,"2",0.307692307692308,0.961538461538462,0.269230769230769,3.84615384615385,0,5.38461538461539,0.26826398659468,0.673729094702844,0.238411023444998,1.57818536893,0,1.85389125033506,0.376077795
"87","CRE_P04",0,14,1.22,276.5673653,217.0583832,412.8536869,12.86976048,0.0261501842224124,0.0909529062393932,"3",0.692307692307692,1.26923076923077,0.538461538461538,3.15384615384615,0,5.65384615384615,0.526093095896779,0.819440905884238,0.430782916092454,1.42403468910274,0,1.8951950564763,0.374928417
"88","CRE_P04",0,14,1.22,276.5673653,217.0583832,412.8536869,12.86976048,0.0261501842224124,0.0909529062393932,"5",2.038461538,1.192307692,0.961538462,5.730769231,0,9.923076923,1.11135131429364,0.784954729672717,0.673729094938138,1.90668943593632,0,2.39087770013268,0.464952024
"89","CRE_P05",16,14,4.69,33.69030391,200.5513748,407.7225159,5.22431259,0.0871576246125485,-0.0244522354214605,"1",6.03846153846154,8,2.23076923076923,36.6923076923077,0.269230769230769,53.2307692307692,1.95138961481994,2.19722457733622,1.17272026082183,3.62945603364314,0.238411023444998,3.99324844535073,0.442265437
"90","CRE_P05",16,14,4.69,33.69030391,200.5513748,407.7225159,5.22431259,0.0871576246125485,-0.0244522354214605,"2",0.769230769230769,5.57692307692308,1.73076923076923,19.3269230769231,0.307692307692308,27.7115384615385,0.570544858467613,1.88356701848118,1.00458333901983,3.01194626728881,0.26826398659468,3.35729907895776,0.401989026
"91","CRE_P05",16,14,4.69,33.69030391,200.5513748,407.7225159,5.22431259,0.0871576246125485,-0.0244522354214605,"3",2.73076923076923,2.69230769230769,1.30769230769231,18.4615384615385,0.5,25.6923076923077,1.3166144404819,1.30625165344635,0.83624802420062,2.96844013126599,0.405465108108164,3.28437542248532,0.42024914
"92","CRE_P05",16,14,4.69,33.69030391,200.5513748,407.7225159,5.22431259,0.0871576246125485,-0.0244522354214605,"5",6.038461538,8,2.230769231,36.69230769,0.269230769,53.230769228,1.95138961475437,2.19722457733622,1.17272026089326,3.62945603358191,0.23841102326318,3.99324844529967,0.536835772
"93","CRE_P06",23,14,3.48,291.4853801,212.6666667,436.3184417,6.054093567,0.112167559568189,-0.0517722123952672,"1",3.80769230769231,1.03846153846154,0.192307692307692,4.5,0,9.53846153846154,1.57021719928082,0.712195375530641,0.175890666463664,1.70474809223843,0,2.35503156836659,0.38174472
"94","CRE_P06",23,14,3.48,291.4853801,212.6666667,436.3184417,6.054093567,0.112167559568189,-0.0517722123952672,"2",1.46153846153846,0.576923076923077,0.269230769230769,3.96153846153846,0,6.26923076923077,0.900786545338189,0.455475528682826,0.238411023444998,1.60171586634019,0,1.98365047703816,0.351803013
"95","CRE_P06",23,14,3.48,291.4853801,212.6666667,436.3184417,6.054093567,0.112167559568189,-0.0517722123952672,"3",0.730769230769231,0.346153846153846,0.653846153846154,1.61538461538462,0,3.34615384615385,0.548565951748838,0.297251523467931,0.50310357767208,0.961411167154626,0,1.46929128069086,0.360642316
"96","CRE_P06",23,14,3.48,291.4853801,212.6666667,436.3184417,6.054093567,0.112167559568189,-0.0517722123952672,"5",1.461538462,0.576923077,0.269230769,3.961538462,0,6.26923077,0.90078654552569,0.455475528731606,0.23841102326318,1.60171586643321,0,1.98365047714398,0.459722426
"97","HLC_P01",0,10,1.56,293.1921331,210.6444781,232.6078648,10.25869894,0.149686028806635,-0.150538383205353,"1",2.69230769230769,6.73076923076923,0.653846153846154,18.5576923076923,0,28.6346153846154,1.30625165344635,2.04520837003759,0.50310357767208,2.97336867746713,0,3.38894311673869,0.331262564
"98","HLC_P01",0,10,1.56,293.1921331,210.6444781,232.6078648,10.25869894,0.149686028806635,-0.150538383205353,"2",0.523809523809524,3.61904761904762,0.619047619047619,8.66666666666667,0,13.4285714285714,0.421213465076304,1.53018854077996,0.481838086892738,2.26868354131836,0,2.66921036778595,0.26935901
"99","HLC_P01",0,10,1.56,293.1921331,210.6444781,232.6078648,10.25869894,0.149686028806635,-0.150538383205353,"3",0.269230769230769,1.42307692307692,0.846153846153846,5.69230769230769,0,8.23076923076922,0.238411023444998,0.885038188370049,0.613104472886409,1.90095876119305,0,2.22254238532051,0.317632454
"100","HLC_P01",0,10,1.56,293.1921331,210.6444781,232.6078648,10.25869894,0.149686028806635,-0.150538383205353,"5",0.523809524,3.619047619,0.619047619,8.666666667,0,13.428571429,0.421213465201304,1.53018854076965,0.481838086863327,2.26868354135285,0,2.66921036781565,0.481523658
"101","HLC_P02",0,47,2.92,167.5800866,228.7489177,266.1174897,8.747474747,0.0145783407964423,0.0751895361602439,"1",1.53846153846154,0.884615384615385,0.115384615384615,4.26923076923077,0.0384615384615385,6.84615384615385,0.931558204004944,0.633723760089145,0.109199291964992,1.66188438780664,0.0377403279828471,2.06002345582273,0.294591389
"102","HLC_P02",0,47,2.92,167.5800866,228.7489177,266.1174897,8.747474747,0.0145783407964423,0.0751895361602439,"2",0.576923076923077,0.192307692307692,0.692307692307692,3.15384615384615,0.576923076923077,5.19230769230769,0.455475528682826,0.175890666463664,0.526093095896779,1.42403468910274,0.455475528682826,1.82330782696298,0.256302398
"103","HLC_P02",0,47,2.92,167.5800866,228.7489177,266.1174897,8.747474747,0.0145783407964423,0.0751895361602439,"3",1.19230769230769,1.23076923076923,0.5,4.30769230769231,0.576923076923077,7.80769230769231,0.784954729813067,0.802346472524937,0.405465108108164,1.66915714713572,0.455475528682826,2.17562546553276,0.287663089
"104","HLC_P02",0,47,2.92,167.5800866,228.7489177,266.1174897,8.747474747,0.0145783407964423,0.0751895361602439,"5",1.538461538,0.884615385,0.115384615,4.269230769,0.038461538,6.846153845,0.931558203823125,0.633723760293226,0.109199291620164,1.66188438776285,0.0377403275384026,2.06002345567568,0.545488093
"105","HLC_P03",0,10,2.74,198.0245399,237.8834356,337.5943376,12.68251534,-0.0203326424637324,0.108183093812057,"1",2.42307692307692,1.76923076923077,1.26923076923077,15.1153846153846,0,20.5769230769231,1.23053983171066,1.01856958099457,0.819440905884238,2.77977438190065,0,3.07162436750121,0.266852935
"106","HLC_P03",0,10,2.74,198.0245399,237.8834356,337.5943376,12.68251534,-0.0203326424637324,0.108183093812057,"2",0,0.423076923076923,0.923076923076923,4,0.423076923076923,5.76923076923077,0,0.352821374622742,0.653926467406664,1.6094379124341,0.352821374622742,1.91238745701667,0.237150881
"107","HLC_P03",0,10,2.74,198.0245399,237.8834356,337.5943376,12.68251534,-0.0203326424637324,0.108183093812057,"3",0.769230769230769,1.07692307692308,0.923076923076923,7.34615384615385,0,10.1153846153846,0.570544858467613,0.730887508542794,0.653926467406664,2.12180081551898,0,2.40833015009095,0.256853783
"108","HLC_P03",0,10,2.74,198.0245399,237.8834356,337.5943376,12.68251534,-0.0203326424637324,0.108183093812057,"5",2.423076923,1.769230769,1.269230769,15.11538462,0,20.576923081,1.23053983168819,1.01856958091124,0.819440905782542,2.77977438218705,0,3.07162436769016,0.418006377
"109","HLC_P04",0,10,2.4,210.9732143,225.2708333,507.9884266,5.135416667,-0.0754015993402791,0.0821269666398052,"1",2.07692307692308,0.192307692307692,0,1.23076923076923,0,3.5,1.1239300966524,0.175890666463664,0,0.802346472524937,0,1.50407739677627,0.299723007
"110","HLC_P04",0,10,2.4,210.9732143,225.2708333,507.9884266,5.135416667,-0.0754015993402791,0.0821269666398052,"2",0.346153846153846,0,0,0,0,0.346153846153846,0.297251523467931,0,0,0,0,0.297251523467931,0.289027916
"111","HLC_P04",0,10,2.4,210.9732143,225.2708333,507.9884266,5.135416667,-0.0754015993402791,0.0821269666398052,"3",2.03846153846154,0.230769230769231,0,0.653846153846154,0,2.92307692307693,1.11135131444554,0.207639364778245,0,0.50310357767208,0,1.36687627526279,0.314256197
"112","HLC_P04",0,10,2.4,210.9732143,225.2708333,507.9884266,5.135416667,-0.0754015993402791,0.0821269666398052,"5",2.076923077,0.192307692,0,1.230769231,0,3.5,1.1239300966774,0.1758906662056,0,0.802346472628386,0,1.50407739677627,0.481123803
"113","HLC_P05",0,10,3.14,199.8860947,222.3698225,491.4768315,3.840236686,-0.0537556639593145,0.105304757772402,"1",0.192307692307692,0.884615384615385,0,0.307692307692308,0.269230769230769,1.65384615384615,0.175890666463664,0.633723760089145,0,0.26826398659468,0.238411023444998,0.976009966575777,0.276512621
"114","HLC_P05",0,10,3.14,199.8860947,222.3698225,491.4768315,3.840236686,-0.0537556639593145,0.105304757772402,"2",0,0,0,0.153846153846154,0,0.153846153846154,0,0,0,0.143100843640673,0,0.143100843640673,0.272659513
"115","HLC_P05",0,10,3.14,199.8860947,222.3698225,491.4768315,3.840236686,-0.0537556639593145,0.105304757772402,"3",0,0.0434782608695652,0,0.434782608695652,0,0.478260869565217,0,0.0425596144187959,0,0.36101334553733,0,0.390866308687012,0.277858056
"116","HLC_P05",0,10,3.14,199.8860947,222.3698225,491.4768315,3.840236686,-0.0537556639593145,0.105304757772402,"5",0,0,0,0.153846154,0,0.153846154,0,0,0,0.143100843774007,0,0.143100843774007,0.441601966
"117","LPQ_P01",5,139,1.2,101.0994152,209.2412281,102.256907,7.135964912,-0.117491757433147,0.0534764869311346,"1",0,0,0,0.846153846153846,0,0.846153846153846,0,0,0,0.613104472886409,0,0.613104472886409,0.455660373
"118","LPQ_P01",5,139,1.2,101.0994152,209.2412281,102.256907,7.135964912,-0.117491757433147,0.0534764869311346,"2",0,0,0,2.52941176470588,0,2.52941176470588,0,0,0,1.26113121816588,0,1.26113121816588,0.288733654
"119","LPQ_P01",5,139,1.2,101.0994152,209.2412281,102.256907,7.135964912,-0.117491757433147,0.0534764869311346,"3",0.0384615384615385,0,0,2.15384615384615,0,2.19230769230769,0.0377403279828471,0,0,1.14862270924277,0,1.16074406977511,0.421372314
"120","LPQ_P01",5,139,1.2,101.0994152,209.2412281,102.256907,7.135964912,-0.117491757433147,0.0534764869311346,"5",0,0,0,2.529411765,0,2.529411765,0,0,0,1.26113121824922,0,1.26113121824922,0.591763306
"121","LPQ_P02",63,139,3.36,277.8955882,215.3852941,17.25800964,3.697058824,-0.119560409313077,0.0514276373679884,"1",4.53846153846154,14.1153846153846,0.423076923076923,146.788461538462,1.11538461538462,166.98076923077,1.71171676155452,2.71571307384778,0.352821374622742,4.99578193739127,0.749236647210991,5.12384950398673,0.486421633
"122","LPQ_P02",63,139,3.36,277.8955882,215.3852941,17.25800964,3.697058824,-0.119560409313077,0.0514276373679884,"2",20.3333333333333,10,0,130,0,160.333333333333,3.06027079469156,2.39789527279837,0,4.87519732320115,0,5.08347261804852,0.259095568
"123","LPQ_P02",63,139,3.36,277.8955882,215.3852941,17.25800964,3.697058824,-0.119560409313077,0.0514276373679884,"3",4.03846153846154,11,0,110.615384615385,1.15384615384615,126.807692307693,1.61710078517967,2.484906649788,0,4.71505889542265,0.767255152713665,4.85052673033312,0.328060468
"124","LPQ_P02",63,139,3.36,277.8955882,215.3852941,17.25800964,3.697058824,-0.119560409313077,0.0514276373679884,"5",4.538461538,14.11538462,0.423076923,146.7884615,1.115384615,166.980769196,1.71171676147119,2.71571307415312,0.352821374568688,4.99578193713102,0.749236647029171,5.12384950377975,0.563943638
"125","LPQ_P03",163,139,3.6,305.3445255,202.7357664,32.77504877,11.82043796,-0.23924295446652,-0.19612634005525,"1",29.9615384615385,6.76923076923077,0,89.4230769230769,0.230769230769231,126.384615384615,3.43274573939708,2.05017115937972,0,4.50449951051859,0.207639364778245,4.84721097748367,0.542513317
"126","LPQ_P03",163,139,3.6,305.3445255,202.7357664,32.77504877,11.82043796,-0.23924295446652,-0.19612634005525,"2",25.0384615384615,3.07692307692308,0,47.0384615384615,0.230769230769231,75.3846153846153,3.25957473489079,1.40534255609059,0,3.87200197210409,0.207639364778245,4.33578130658363,0.337934127
"127","LPQ_P03",163,139,3.6,305.3445255,202.7357664,32.77504877,11.82043796,-0.23924295446652,-0.19612634005525,"3",19.3076923076923,3.23076923076923,0.153846153846154,38.8461538461538,0.307692307692308,61.8461538461538,3.01099974568478,1.44238382777093,0.143100843640673,3.68502588479795,0.26826398659468,4.14068973739847,0.475263508
"128","LPQ_P03",163,139,3.6,305.3445255,202.7357664,32.77504877,11.82043796,-0.23924295446652,-0.19612634005525,"5",29.96153846,6.769230769,0,89.42307692,0.230769231,126.38461538,3.43274573934739,2.05017115935002,0,4.50449951048456,0.207639364965745,4.84721097744744,0.585424416
"129","LPQ_P04",0,139,2.69,258.0991124,218.5961538,21.87722369,4.235207101,0.0839265741583366,-0.0206890891177442,"1",13.3888888888889,8.22222222222222,0.888888888888889,65.3611111111111,0,87.8611111111111,2.66645630380337,2.22161603046038,0.635988766719997,4.1951112088697,0,4.48707460149341,0.48759051
"130","LPQ_P04",0,139,2.69,258.0991124,218.5961538,21.87722369,4.235207101,0.0839265741583366,-0.0206890891177442,"2",4.9375,3.46875,1.875,45.3125,0,55.59375,1.78128816936076,1.49710872746018,1.05605267424931,3.83541190305631,0,4.03589855508369,0.283504838
"131","LPQ_P04",0,139,2.69,258.0991124,218.5961538,21.87722369,4.235207101,0.0839265741583366,-0.0206890891177442,"3",3.07692307692308,4.15384615384615,0.0384615384615385,32.5384615384615,0,39.8076923076923,1.40534255609059,1.63974326192943,0.0377403279828471,3.5126928858875,0,3.7088706005925,0.362886355
"132","LPQ_P04",0,139,2.69,258.0991124,218.5961538,21.87722369,4.235207101,0.0839265741583366,-0.0206890891177442,"5",13.38888889,8.222222222,0.888888889,65.36111111,0,87.861111111,2.66645630388059,2.22161603043628,0.63598876677882,4.19511120885296,0,4.48707460149216,0.580304492
"133","LPQ_P05",120,139,1.4,225.0131579,215.2090643,38.96068353,0.755847953,0.125581738579949,-0.0893439486943329,"1",1.69230769230769,3.26923076923077,0,31.9230769230769,0,36.8846153846154,0.990398704027876,1.45143366329085,0,3.49417383812026,0,3.63454510315061,0.53908018
"134","LPQ_P05",120,139,1.4,225.0131579,215.2090643,38.96068353,0.755847953,0.125581738579949,-0.0893439486943329,"2",1.34615384615385,0.846153846153846,0,8.63461538461539,0,10.8269230769231,0.852777326151831,0.613104472886409,0,2.26536238250344,0,2.47037854922509,0.369562242
"135","LPQ_P05",120,139,1.4,225.0131579,215.2090643,38.96068353,0.755847953,0.125581738579949,-0.0893439486943329,"3",0.615384615384615,0.692307692307692,0,9.46153846153846,0,10.7692307692308,0.479573080261886,0.526093095896779,0,2.34770552827452,0,2.4654885639309,0.484092363
"136","LPQ_P05",120,139,1.4,225.0131579,215.2090643,38.96068353,0.755847953,0.125581738579949,-0.0893439486943329,"5",1.346153846,0.846153846,0,8.634615385,0,10.826923077,0.852777326086255,0.613104472803076,0,2.26536238254336,0,2.47037854923159,0.601321958
"137","LPQ_P06",219,46,4,165.2110778,219.1092814,58.94809592,3.131736527,-0.0924255982803809,0.0837227245714483,"1",101.52,32.1,0.48,209.48,0.08,343.66,4.63005790149587,3.49953328238302,0.392042087776024,5.34939063673204,0.0769610411361283,5.84255842385343,0.428242807
"138","LPQ_P06",219,46,4,165.2110778,219.1092814,58.94809592,3.131736527,-0.0924255982803809,0.0837227245714483,"2",60.5961538461538,16.8461538461538,2.26923076923077,147.076923076923,0.0769230769230769,226.865384615384,4.12059943102773,2.88178801420477,1.18455471846883,4.99773188926035,0.0741079721537219,5.42875503623531,0.356683674
"139","LPQ_P06",219,46,4,165.2110778,219.1092814,58.94809592,3.131736527,-0.0924255982803809,0.0837227245714483,"3",24.1666666666667,9.74074074074074,0.0740740740740741,65.2777777777778,0,99.2592592592593,3.22552036758687,2.37404405697619,0.071458963982145,4.19385466420175,0,4.60775942360997,0.404198579
"140","LPQ_P06",219,46,4,165.2110778,219.1092814,58.94809592,3.131736527,-0.0924255982803809,0.0837227245714483,"5",60.59615385,16.84615385,2.269230769,147.0769231,0.076923077,226.865384646,4.12059943109017,2.88178801442029,1.18455471839825,4.99773188941619,0.0741079722251505,5.42875503636967,0.513206045
"141","LPQ_P07",10,139,2.67,159.9424242,215.5772727,53.18914109,1.192424242,0.142302578838732,-0.131534003608976,"1",6.5,11.2692307692308,0.384615384615385,57.1153846153846,0,75.2692307692308,2.01490302054226,2.50709456476336,0.325422400434628,4.06243042425126,0,4.33426959049831,0.495729392
"142","LPQ_P07",10,139,2.67,159.9424242,215.5772727,53.18914109,1.192424242,0.142302578838732,-0.131534003608976,"2",10.1538461538462,4.38461538461539,1.88461538461538,47.5,0.0384615384615385,63.9615384615385,2.41178438495904,1.68354588458782,1.05939157551483,3.88156379794344,0.0377403279828471,4.17379537878632,0.41901347
"143","LPQ_P07",10,139,2.67,159.9424242,215.5772727,53.18914109,1.192424242,0.142302578838732,-0.131534003608976,"3",0.666666666666667,5.37037037037037,1.2962962962963,41.6296296296296,0,48.9629629629629,0.510825623765991,1.85165761080912,0.831297519040764,3.75254954271755,0,3.91128199020343,0.457519306
"144","LPQ_P07",10,139,2.67,159.9424242,215.5772727,53.18914109,1.192424242,0.142302578838732,-0.131534003608976,"5",10.15384615,4.384615385,1.884615385,47.5,0.038461538,63.961538458,2.41178438461421,1.68354588465925,1.05939157564816,3.88156379794344,0.0377403275384026,4.17379537873185,0.552892603
"145","LPQ_P08",12,139,4.26,310.4462935,206.6505295,54.41092572,6.709531014,0.156973732553067,-0.171924183899293,"1",10.3461538461538,23.1538461538462,0,235.615384615385,0.769230769230769,269.884615384616,2.42887881831833,3.18444362844672,0,5.466435973164,0.570544858467613,5.60169295672393,0.474561414
"146","LPQ_P08",12,139,4.26,310.4462935,206.6505295,54.41092572,6.709531014,0.156973732553067,-0.171924183899293,"2",7.47619047619048,4.42857142857143,0.0476190476190476,125.642857142857,0.714285714285714,138.309523809524,2.13726111256866,1.69167601067107,0.0465200156348928,4.84137097645895,0.538996500732687,4.93669824750487,0.408727533
"147","LPQ_P08",12,139,4.26,310.4462935,206.6505295,54.41092572,6.709531014,0.156973732553067,-0.171924183899293,"3",7.03846153846154,7.26923076923077,0.0769230769230769,119.019230769231,0.230769230769231,133.634615384616,2.08423771394333,2.11254149010618,0.0741079721537219,4.78765198635262,0.207639364778245,4.90256455639577,0.454988782
"148","LPQ_P08",12,139,4.26,310.4462935,206.6505295,54.41092572,6.709531014,0.156973732553067,-0.171924183899293,"5",10.34615385,23.15384615,0,235.6153846,0.769230769,269.884615369,2.42887881865732,3.18444362828748,0,5.46643597309898,0.570544858337178,5.60169295666628,0.537364442
"149","LPQ_P09",40,139,1.4,254.9806835,224.8216939,128.2486989,9.794947994,-0.0238886321264883,0.112743615039525,"1",0.307692307692308,0.269230769230769,0,1.38461538461538,0,1.96153846153846,0.26826398659468,0.238411023444998,0,0.869037847023608,0,1.0857088838322,0.279222471
"150","LPQ_P09",40,139,1.4,254.9806835,224.8216939,128.2486989,9.794947994,-0.0238886321264883,0.112743615039525,"2",0.461538461538462,0.115384615384615,0,0.692307692307692,0,1.26923076923077,0.379489621704904,0.109199291964992,0,0.526093095896779,0,0.819440905884237,0.254981006
"151","LPQ_P09",40,139,1.4,254.9806835,224.8216939,128.2486989,9.794947994,-0.0238886321264883,0.112743615039525,"3",0.538461538461538,0,0,0.192307692307692,0,0.73076923076923,0.430782916092454,0,0,0.175890666463664,0,0.548565951748837,0.289174833
"152","LPQ_P09",40,139,1.4,254.9806835,224.8216939,128.2486989,9.794947994,-0.0238886321264883,0.112743615039525,"5",0.307692308,0.269230769,0,1.384615385,0,1.961538462,0.268263986829973,0.23841102326318,0,0.8690378471849,0,1.08570888398805,0.352133829
"153","LPQ_P10",226,139,2.17,189.5813953,235.119186,92.34149875,11.56831395,0.0703396940354049,-0.0317563727896956,"1",5.91666666666667,9.625,0,26.1458333333333,0,41.6875,1.9339339580086,2.36320971481048,0,3.30122356621695,0,3.75390613733101,0.366449087
"154","LPQ_P10",226,139,2.17,189.5813953,235.119186,92.34149875,11.56831395,0.0703396940354049,-0.0317563727896956,"2",6,4.92857142857143,1.85714285714286,15.5,0,28.2857142857143,1.94591014905531,1.77978327818134,1.04982212449868,2.80336038090653,0,3.3770998300831,0.329422559
"155","LPQ_P10",226,139,2.17,189.5813953,235.119186,92.34149875,11.56831395,0.0703396940354049,-0.0317563727896956,"3",0.307692307692308,4.11538461538461,0.0769230769230769,10,0,14.5,0.26826398659468,1.63225259020027,0.0741079721537219,2.39789527279837,0,2.7408400239252,0.35023412
"156","LPQ_P10",226,139,2.17,189.5813953,235.119186,92.34149875,11.56831395,0.0703396940354049,-0.0317563727896956,"5",5.916666667,9.625,0,26.14583333,0,41.687499997,1.93393395805679,2.36320971481048,0,3.30122356609416,0,3.75390613726073,0.51808896
"157","LPQ_P11",101,35,3.85,188.6691617,221.0658683,107.9937451,4.19760479,-0.0279374674800291,0.0971432229995316,"1",0.192307692307692,0.0192307692307692,0,0.903846153846154,0,1.11538461538462,0.175890666463664,0.0190481949706944,0,0.643876131553163,0,0.749236647210989,0.276228556
"158","LPQ_P11",101,35,3.85,188.6691617,221.0658683,107.9937451,4.19760479,-0.0279374674800291,0.0971432229995316,"2",0.722222222222222,0,0,0.388888888888889,0,1.11111111111111,0.543615446588981,0,0,0.328504066972036,0,0.747214401830221,0.284416036
"159","LPQ_P11",101,35,3.85,188.6691617,221.0658683,107.9937451,4.19760479,-0.0279374674800291,0.0971432229995316,"3",0.0384615384615385,0.0384615384615385,0,0.807692307692308,0.192307692307692,1.07692307692308,0.0377403279828471,0.0377403279828471,0,0.592051063688577,0.175890666463664,0.730887508542792,0.306255976
"160","LPQ_P11",101,35,3.85,188.6691617,221.0658683,107.9937451,4.19760479,-0.0279374674800291,0.0971432229995316,"5",0.722222222,0,0,0.388888889,0,1.111111111,0.543615446459949,0,0,0.328504067052036,0,0.747214401777589,0.520127013
"161","LPQ_P12",114,139,4.79,154.2869822,218.8831361,120.2862523,12.18491124,-0.0547197667307991,0.100919332962668,"1",0.0769230769230769,0.115384615384615,0,2.88461538461538,0.0384615384615385,3.11538461538461,0.0741079721537219,0.109199291964992,0,1.35702397881978,0.0377403279828471,1.41473229644042,0.339655465
"162","LPQ_P12",114,139,4.79,154.2869822,218.8831361,120.2862523,12.18491124,-0.0547197667307991,0.100919332962668,"2",0.421052631578947,0.631578947368421,0,1.31578947368421,0,2.36842105263158,0.351397886837888,0.489548225318706,0,0.83975065475182,0,1.21444410419323,0.315338796
"163","LPQ_P12",114,139,4.79,154.2869822,218.8831361,120.2862523,12.18491124,-0.0547197667307991,0.100919332962668,"3",1.30769230769231,0.269230769230769,0,1.46153846153846,0,3.03846153846154,0.83624802420062,0.238411023444998,0,0.900786545338189,0,1.39586381213604,0.334437069
"164","LPQ_P12",114,139,4.79,154.2869822,218.8831361,120.2862523,12.18491124,-0.0547197667307991,0.100919332962668,"5",0.421052632,0.631578947,0,1.315789474,0,2.368421053,0.351397887134185,0.489548225092899,0,0.839750654888184,0,1.21444410430261,0.501947975
"165","MGM_P01",0,47,3.66,169.2213855,207.5165663,326.4714406,8.471385542,-0.0602968371954642,0.0994962176948667,"1",0.0384615384615385,0,0.384615384615385,0.269230769230769,0,0.692307692307693,0.0377403279828471,0,0.325422400434628,0.238411023444998,0,0.526093095896779,0.317386616
"166","MGM_P01",0,47,3.66,169.2213855,207.5165663,326.4714406,8.471385542,-0.0602968371954642,0.0994962176948667,"2",0.423076923076923,0,0.384615384615385,0.346153846153846,0,1.15384615384615,0.352821374622742,0,0.325422400434628,0.297251523467931,0,0.767255152713667,0.236074767
"167","MGM_P01",0,47,3.66,169.2213855,207.5165663,326.4714406,8.471385542,-0.0602968371954642,0.0994962176948667,"3",0,0,0.192307692307692,0.192307692307692,0,0.384615384615384,0,0,0.175890666463664,0.175890666463664,0,0.325422400434628,0.278229254
"168","MGM_P01",0,47,3.66,169.2213855,207.5165663,326.4714406,8.471385542,-0.0602968371954642,0.0994962176948667,"5",0.038461538,0,0.384615385,0.269230769,0,0.692307692,0.0377403275384026,0,0.325422400712406,0.23841102326318,0,0.526093095714961,0.43044018
"169","MGM_P02",0,47,1.96,225.5081241,237.4549483,383.4710599,14.04726736,0.107258330444432,-0.0422393214181068,"1",0.884615384615385,0.115384615384615,0,0.730769230769231,0,1.73076923076923,0.633723760089145,0.109199291964992,0,0.548565951748838,0,1.00458333901983,0.397120241
"170","MGM_P02",0,47,1.96,225.5081241,237.4549483,383.4710599,14.04726736,0.107258330444432,-0.0422393214181068,"2",1.71428571428571,0,0,0.285714285714286,0,2,0.998528830111126,0,0,0.251314428280906,0,1.09861228866811,0.317876771
"171","MGM_P02",0,47,1.96,225.5081241,237.4549483,383.4710599,14.04726736,0.107258330444432,-0.0422393214181068,"3",0.5,0,0,0,0,0.5,0.405465108108164,0,0,0,0,0.405465108108164,0.353165845
"172","MGM_P02",0,47,1.96,225.5081241,237.4549483,383.4710599,14.04726736,0.107258330444432,-0.0422393214181068,"5",0.884615385,0.115384615,0,0.730769231,0,1.730769231,0.633723760293226,0.109199291620164,0,0.548565951882171,0,1.00458333910434,0.471191122
"173","MGM_P03",0,47,1.86,132.3239645,217.9630178,341.2553145,10.17455621,-0.0049517187608822,0.0957056606195082,"1",4.11538461538461,0,0.192307692307692,0.423076923076923,0,4.73076923076922,1.63225259020027,0,0.175890666463664,0.352821374622742,0,1.74584976792398,0.384666815
"174","MGM_P03",0,47,1.86,132.3239645,217.9630178,341.2553145,10.17455621,-0.0049517187608822,0.0957056606195082,"2",3.07692307692308,0.0384615384615385,0.384615384615385,0.0384615384615385,0.0769230769230769,3.61538461538462,1.40534255609059,0.0377403279828471,0.325422400434628,0.0377403279828471,0.0741079721537219,1.52939520476056,0.199885365
"175","MGM_P03",0,47,1.86,132.3239645,217.9630178,341.2553145,10.17455621,-0.0049517187608822,0.0957056606195082,"3",3.57692307692308,0.0384615384615385,0,0.5,0,4.11538461538462,1.52102695509005,0.0377403279828471,0,0.405465108108164,0,1.63225259020027,0.31159573
"176","MGM_P03",0,47,1.86,132.3239645,217.9630178,341.2553145,10.17455621,-0.0049517187608822,0.0957056606195082,"5",4.115384615,0,0.192307692,0.423076923,0,4.73076923,1.63225259012508,0,0.1758906662056,0.352821374568688,0,1.74584976778975,0.456706245
"177","MGM_P04",25,47,2.73,144.3424242,215.1318182,117.3170073,1,-0.0871406273659266,0.0743413626867184,"1",0,0,0.153846153846154,0,0,0.153846153846154,0,0,0.143100843640673,0,0,0.143100843640673,0.302080488
"178","MGM_P04",25,47,2.73,144.3424242,215.1318182,117.3170073,1,-0.0871406273659266,0.0743413626867184,"2",0,0,0.142857142857143,0,0,0.142857142857143,0,0,0.133531392624523,0,0,0.133531392624523,0.280388779
"179","MGM_P04",25,47,2.73,144.3424242,215.1318182,117.3170073,1,-0.0871406273659266,0.0743413626867184,"3",0,0.192307692307692,0,0.230769230769231,0,0.423076923076923,0,0.175890666463664,0,0.207639364778245,0,0.352821374622742,0.324368576
"180","MGM_P04",25,47,2.73,144.3424242,215.1318182,117.3170073,1,-0.0871406273659266,0.0743413626867184,"5",0,0,0.153846154,0,0,0.153846154,0,0,0.143100843774007,0,0,0.143100843774007,0.398375393
"181","MGM_P05",18,47,3.47,196.964497,215.0650888,479.1083348,0.594674556,-0.104799548276193,0.0585863062707284,"1",0.192307692307692,3.96153846153846,0.0384615384615385,18.1538461538462,0.192307692307692,22.5384615384616,0.175890666463664,1.60171586634019,0.0377403279828471,2.95250353900317,0.175890666463664,3.15863574449085,0.252486052
"182","MGM_P05",18,47,3.47,196.964497,215.0650888,479.1083348,0.594674556,-0.104799548276193,0.0585863062707284,"2",0,3.92307692307692,0.115384615384615,25.6923076923077,0.0384615384615385,29.7692307692308,0,1.59393372589813,0.109199291964992,3.28437542248532,0.0377403279828471,3.42651518964645,0.244102978
"183","MGM_P05",18,47,3.47,196.964497,215.0650888,479.1083348,0.594674556,-0.104799548276193,0.0585863062707284,"3",0,1.15384615384615,0,13.9230769230769,0,15.0769230769231,0,0.767255152713665,0,2.70290880160179,0,2.77738489450327,0.260008097
"184","MGM_P05",18,47,3.47,196.964497,215.0650888,479.1083348,0.594674556,-0.104799548276193,0.0585863062707284,"5",0,3.923076923,0.115384615,25.69230769,0.038461538,29.769230766,0,1.59393372588251,0.109199291620164,3.28437542239887,0.0377403275384026,3.42651518954145,0.305278807
"185","MGM_P06",48,47,1.46,322.1341463,203.7332317,235.4599137,6.56554878,-0.0855398085377495,0.0861126720182926,"1",0,0.384615384615385,0,0.192307692307692,0,0.576923076923077,0,0.325422400434628,0,0.175890666463664,0,0.455475528682826,0.317695949
"186","MGM_P06",48,47,1.46,322.1341463,203.7332317,235.4599137,6.56554878,-0.0855398085377495,0.0861126720182926,"2",0,0,0,0,0,0,0,0,0,0,0,0,0.272858542
"187","MGM_P06",48,47,1.46,322.1341463,203.7332317,235.4599137,6.56554878,-0.0855398085377495,0.0861126720182926,"3",0,0,0.185185185185185,0,0,0.185185185185185,0,0,0.169899036795397,0,0,0.169899036795397,0.29269573
"188","MGM_P06",48,47,1.46,322.1341463,203.7332317,235.4599137,6.56554878,-0.0855398085377495,0.0861126720182926,"5",0,0,0,0,0,0,0,0,0,0,0,0,0.452478264
"189","MGM_P07",0,47,1.98,206.1664145,230.9092284,262.4278879,7.987897126,0.0182031904614034,0.0829426983521919,"1",0.346153846153846,0.384615384615385,0,0.192307692307692,0.384615384615385,1.30769230769231,0.297251523467931,0.325422400434628,0,0.175890666463664,0.325422400434628,0.836248024200619,0.326349469
"190","MGM_P07",0,47,1.98,206.1664145,230.9092284,262.4278879,7.987897126,0.0182031904614034,0.0829426983521919,"2",0.153846153846154,0.0769230769230769,0,0.0384615384615385,0,0.269230769230769,0.143100843640673,0.0741079721537219,0,0.0377403279828471,0,0.238411023444998,0.322810539
"191","MGM_P07",0,47,1.98,206.1664145,230.9092284,262.4278879,7.987897126,0.0182031904614034,0.0829426983521919,"3",0.0714285714285714,0,0,0,0.0357142857142857,0.107142857142857,0.0689928714869514,0,0,0,0.0350913198112701,0.101782694309942,0.339019471
"192","MGM_P07",0,47,1.98,206.1664145,230.9092284,262.4278879,7.987897126,0.0182031904614034,0.0829426983521919,"5",0.153846154,0.076923077,0,0.038461538,0,0.269230769,0.143100843774007,0.0741079722251505,0,0.0377403275384026,0,0.23841102326318,0.457244092
"193","MGM_P08",0,47,1.11,73.2204142,163.9363905,347.2833283,17.76331361,0.00150934374733492,0.0994583024735234,"1",0,0,0,0.384615384615385,0,0.384615384615385,0,0,0,0.325422400434628,0,0.325422400434628,0.388887264
"194","MGM_P08",0,47,1.11,73.2204142,163.9363905,347.2833283,17.76331361,0.00150934374733492,0.0994583024735234,"2",0,0.115384615384615,0,0.0769230769230769,0,0.192307692307692,0,0.109199291964992,0,0.0741079721537219,0,0.175890666463664,0.335975193
"195","MGM_P08",0,47,1.11,73.2204142,163.9363905,347.2833283,17.76331361,0.00150934374733492,0.0994583024735234,"3",0,0.111111111111111,0,0.518518518518518,0.037037037037037,0.666666666666666,0,0.105360515657826,0,0.417735200699978,0.0363676441708748,0.51082562376599,0.360614685
"196","MGM_P08",0,47,1.11,73.2204142,163.9363905,347.2833283,17.76331361,0.00150934374733492,0.0994583024735234,"5",0,0.115384615,0,0.076923077,0,0.192307692,0,0.109199291620164,0,0.0741079722251505,0,0.1758906662056,0.462546875
"197","MTR_P01",375,36,1.82,251.9112426,212.5502959,103.5264076,6.899408284,0.115505773390165,-0.0673710813922511,"1",0.230769230769231,5.67307692307692,0,29.5,0,35.4038461538462,0.207639364778245,1.89808106136543,0,3.41772668361337,0,3.5946744326279,0.378919478
"198","MTR_P01",375,36,1.82,251.9112426,212.5502959,103.5264076,6.899408284,0.115505773390165,-0.0673710813922511,"2",2.5,9.63461538461539,0,49.9615384615385,0.423076923076923,62.5192307692308,1.25276296849537,2.36411428294091,0,3.93107120039884,0.352821374622742,4.15134270680936,0.368707303
"199","MTR_P01",375,36,1.82,251.9112426,212.5502959,103.5264076,6.899408284,0.115505773390165,-0.0673710813922511,"3",3.57692307692308,9.05769230769231,0,39.2884615384615,0,51.9230769230769,1.52102695509005,2.3083377454835,0,3.69606511377481,0,3.96883948047181,0.380766639
"200","MTR_P01",375,36,1.82,251.9112426,212.5502959,103.5264076,6.899408284,0.115505773390165,-0.0673710813922511,"5",2.5,9.634615385,0,49.96153846,0.423076923,62.519230768,1.25276296849537,2.36411428297707,0,3.93107120036865,0.352821374568688,4.15134270678999,0.537106407
"201","MTR_P02",0,36,6.1,343.1708767,177.1679049,58.67973213,15.2615156,0.0647449098185183,-0.0310558706105222,"1",2.57692307692308,46.1538461538462,0,248.153846153846,0,296.884615384615,1.27450295513177,3.85341557847468,0,5.51807056170979,0,5.69670621482949,0.444754153
"202","MTR_P02",0,36,6.1,343.1708767,177.1679049,58.67973213,15.2615156,0.0647449098185183,-0.0310558706105222,"2",5.65384615384615,27.8461538461538,0,195.269230769231,0.192307692307692,228.961538461539,1.8951950564763,3.36197666850887,0,5.27948734304249,0.175890666463664,5.43791207085942,0.322753632
"203","MTR_P02",0,36,6.1,343.1708767,177.1679049,58.67973213,15.2615156,0.0647449098185183,-0.0310558706105222,"3",10.1666666666667,17.4166666666667,0,177.416666666667,0,205,2.41293315016291,2.91325605172975,0,5.18412163880168,0,5.32787616878958,0.415484543
"204","MTR_P02",0,36,6.1,343.1708767,177.1679049,58.67973213,15.2615156,0.0647449098185183,-0.0310558706105222,"5",5.653846154,27.84615385,0,195.2692308,0.192307692,228.961538496,1.89519505649942,3.36197666864221,0,5.27948734319926,0.1758906662056,5.43791207100928,0.456086554
"205","MTR_P03",0,36,4.76,125.8300752,214.4736842,94.49420136,1.616541353,-0.181569562990744,-0.0503201021574262,"1",16.9230769230769,39.4423076923077,0,211.384615384615,1.96153846153846,269.711538461538,2.88608909610416,3.69987645712127,0,5.35839885446862,1.0857088838322,5.60105382024654,0.240600436
"206","MTR_P03",0,36,4.76,125.8300752,214.4736842,94.49420136,1.616541353,-0.181569562990744,-0.0503201021574262,"2",24.6153846153846,34.6153846153846,0.384615384615385,169.115384615385,1.73076923076923,230.461538461539,3.24319313251891,3.5727776966247,0.325422400434628,5.13647693984685,1.00458333901983,5.44441371916851,0.252578999
"207","MTR_P03",0,36,4.76,125.8300752,214.4736842,94.49420136,1.616541353,-0.181569562990744,-0.0503201021574262,"3",34.5,26.1538461538462,0,228.923076923077,5.07692307692308,294.653846153846,3.56953269648137,3.30151869947176,0,5.4377448048224,1.80449849500549,5.68918933132765,0.260753392
"208","MTR_P03",0,36,4.76,125.8300752,214.4736842,94.49420136,1.616541353,-0.181569562990744,-0.0503201021574262,"5",24.61538462,34.61538462,0.384615385,169.1153846,1.730769231,230.461538456,3.24319313269909,3.57277769675429,0.325422400712406,5.13647693975641,1.00458333910434,5.44441371914458,0.441159828
"209","MTR_P04",35,139,7.3,331.2485207,193.3210059,199.544698,11.12426036,0.122729922717938,-0.0730764689306805,"1",9.19230769230769,20,0,101.980769230769,3.26923076923077,134.442307692307,2.32163328796474,3.04452243772342,0,4.63454226430042,1.45143366329085,4.90854577616398,0.301023508
"210","MTR_P04",35,139,7.3,331.2485207,193.3210059,199.544698,11.12426036,0.122729922717938,-0.0730764689306805,"2",5.23076923076923,9.11538461538461,0,60.9615384615385,1.78846153846154,77.0961538461539,1.8294997972109,2.31405749415628,0,4.12651384515549,1.02549002383915,4.35794080910487,0.268086251
"211","MTR_P04",35,139,7.3,331.2485207,193.3210059,199.544698,11.12426036,0.122729922717938,-0.0730764689306805,"3",2.88461538461538,9.11538461538461,0,55.0192307692308,6.53846153846154,73.5576923076923,1.35702397881978,2.31405749415628,0,4.02569503837801,2.02001812120904,4.3115732190895,0.291854681
"212","MTR_P04",35,139,7.3,331.2485207,193.3210059,199.544698,11.12426036,0.122729922717938,-0.0730764689306805,"5",9.192307692,20,0,101.9807692,3.269230769,134.442307661,2.32163328793455,3.04452243772342,0,4.63454226400164,1.4514336632368,4.90854577593283,0.527744111
"213","MTR_P05",10,14,3.44,294.0146199,211.8201754,257.8545631,4.969298246,0.00409821150675519,0.0762986882859635,"1",5.61538461538461,9.23076923076923,0,41.8269230769231,0,56.6730769230769,1.88939793879197,2.32539977076022,0,3.75716694867594,0,4.05479046016758,0.284391354
"214","MTR_P05",10,14,3.44,294.0146199,211.8201754,257.8545631,4.969298246,0.00409821150675519,0.0762986882859635,"2",5.23076923076923,5.42307692307692,0,33.8461538461538,0.269230769230769,44.7692307692307,1.8294997972109,1.85989727439527,0,3.5509427680215,0.238411023444998,3.82361204808409,0.241116831
"215","MTR_P05",10,14,3.44,294.0146199,211.8201754,257.8545631,4.969298246,0.00409821150675519,0.0762986882859635,"3",0.730769230769231,2.38461538461538,0,19.8846153846154,0.0384615384615385,23.0384615384616,0.548565951748838,1.21924027645672,0,3.03901278191245,0.0377403279828471,3.17965511171492,0.26470217
"216","MTR_P05",10,14,3.44,294.0146199,211.8201754,257.8545631,4.969298246,0.00409821150675519,0.0762986882859635,"5",5.230769231,5.423076923,0,33.84615385,0.269230769,44.769230773,1.82949979724794,1.8598972743833,0,3.55094276813187,0.23841102326318,3.82361204816645,0.508276601
"217","MTR_P06",0,14,2.59,233.3308271,221.4706767,249.3869475,5.160902256,-0.173598988737415,-0.031164545580808,"1",2.88461538461538,4.34615384615385,0,17.1730769230769,0,24.4038461538461,1.35702397881978,1.67637739510921,0,2.89994120891231,0,3.2349005859409,0.291821812
"218","MTR_P06",0,14,2.59,233.3308271,221.4706767,249.3869475,5.160902256,-0.173598988737415,-0.031164545580808,"2",1.23076923076923,1.92307692307692,0,13.8846153846154,0.576923076923077,17.6153846153846,0.802346472524937,1.07263680226485,0,2.7003281550083,0.455475528682826,2.92398836869515,0.290793347
"219","MTR_P06",0,14,2.59,233.3308271,221.4706767,249.3869475,5.160902256,-0.173598988737415,-0.031164545580808,"3",1.26923076923077,0.0769230769230769,0,6.30769230769231,0.0384615384615385,7.6923076923077,0.819440905884238,0.0741079721537219,0,1.988927534139,0.0377403279828471,2.1624384612508,0.296543749
"220","MTR_P06",0,14,2.59,233.3308271,221.4706767,249.3869475,5.160902256,-0.173598988737415,-0.031164545580808,"5",1.230769231,1.923076923,0,13.88461538,0.576923077,17.615384611,0.802346472628386,1.07263680223853,0,2.70032815469822,0.455475528731606,2.92398836845961,0.560431895
"221","MTR_P07",182,73,1.54,103.8377976,197.0535714,258.8825818,17.99553571,-0.0368007303109933,0.113468957641582,"1",0,21.9615384615385,0,206.423076923077,0,228.384615384616,0,3.13382057537112,0,5.33476055731575,0,5.43540013786315,0.322407729
"222","MTR_P07",182,73,1.54,103.8377976,197.0535714,258.8825818,17.99553571,-0.0368007303109933,0.113468957641582,"2",0,15.3461538461538,0,193.615384615385,0,208.961538461539,0,2.79399263090293,0,5.27102522426003,0,5.34692436376028,0.324168002
"223","MTR_P07",182,73,1.54,103.8377976,197.0535714,258.8825818,17.99553571,-0.0368007303109933,0.113468957641582,"3",0,13.2884615384615,0,225.423076923077,0,238.711538461538,0,2.65945232613633,0,5.42240527100678,0,5.47943627737623,0.320548766
"224","MTR_P07",182,73,1.54,103.8377976,197.0535714,258.8825818,17.99553571,-0.0368007303109933,0.113468957641582,"5",0,15.34615385,0,193.6153846,0,208.96153845,0,2.79399263113823,0,5.27102522418098,0,5.34692436370532,0.433392727
"225","MTR_P08",3,73,2.71,196.6494083,232.8890533,389.1588374,9.698224852,0.0632833792349027,0.0481932862242736,"1",0,118.666666666667,0,2825.83333333333,0,2944.5,0,4.78471009982017,0,7.94691240064378,0,7.98803386096174,0.262053837
"226","MTR_P08",3,73,2.71,196.6494083,232.8890533,389.1588374,9.698224852,0.0632833792349027,0.0481932862242736,"2",0.0769230769230769,21.0384615384615,0,672.288461538462,0,693.403846153847,0.0741079721537219,3.09278917869326,0,6.512173858227,0,6.54305370214682,0.252205529
"227","MTR_P08",3,73,2.71,196.6494083,232.8890533,389.1588374,9.698224852,0.0632833792349027,0.0481932862242736,"3",0,60.875,0,2073.625,0,2134.5,0,4.12511622088885,0,7.63753569344088,0,7.66645609028152,0.253912125
"228","MTR_P08",3,73,2.71,196.6494083,232.8890533,389.1588374,9.698224852,0.0632833792349027,0.0481932862242736,"5",0.076923077,21.03846154,0,672.2884615,0,693.403846117,0.0741079722251505,3.09278917876307,0,6.51217385816987,0,6.54305370209376,0.384516239
"229","MTR_P09",0,14,3.37,80.59881129,175.2332838,189.4349818,20.44427935,0.0560876070571346,0.0155050945618073,"1",4.84615384615385,9.69230769230769,0,83.7307692307692,1.73076923076923,100,1.76578398282479,2.36952457566915,0,4.43947880878086,1.00458333901983,4.61512051684126,0.334583679
"230","MTR_P09",0,14,3.37,80.59881129,175.2332838,189.4349818,20.44427935,0.0560876070571346,0.0155050945618073,"2",4.57692307692308,3.92307692307692,0,54.4230769230769,1.46153846153846,64.3846153846154,1.71863720439909,1.59393372589813,0,4.01499605797804,0.900786545338189,4.18028699202283,0.348658725
"231","MTR_P09",0,14,3.37,80.59881129,175.2332838,189.4349818,20.44427935,0.0560876070571346,0.0155050945618073,"3",4.15384615384615,4.53846153846154,0,53.6538461538462,0.153846153846154,62.5,1.63974326192943,1.71171676155452,0,4.00101959007562,0.143100843640673,4.15103990589865,0.333464483
"232","MTR_P09",0,14,3.37,80.59881129,175.2332838,189.4349818,20.44427935,0.0560876070571346,0.0155050945618073,"5",4.846153846,9.692307692,0,83.73076923,1.730769231,99.999999999,1.76578398279848,2.36952457564038,0,4.43947880877178,1.00458333910434,4.61512051683136,0.619834688
"233","MTR_P10",0,14,4.35,301.4036145,210.6009036,166.0504998,6.018072289,0.122794472120797,-0.0822172617674588,"1",1.5,2.73076923076923,0,17.3076923076923,0.269230769230769,21.8076923076923,0.916290731874155,1.3166144404819,0,2.90732131620994,0.238411023444998,3.12709786097624,0.292792332
"234","MTR_P10",0,14,4.35,301.4036145,210.6009036,166.0504998,6.018072289,0.122794472120797,-0.0822172617674588,"2",1,0.384615384615385,0,17.1538461538462,0.192307692307692,18.7307692307693,0.693147180559945,0.325422400434628,0,2.89888244756408,0.175890666463664,2.98217930714929,0.28897208
"235","MTR_P10",0,14,4.35,301.4036145,210.6009036,166.0504998,6.018072289,0.122794472120797,-0.0822172617674588,"3",2.80769230769231,0.538461538461538,0,16.6153846153846,0.115384615384615,20.0769230769231,1.33702331211311,0.430782916092454,0,2.8687726460927,0.109199291964992,3.04817874892653,0.296811519
"236","MTR_P10",0,14,4.35,301.4036145,210.6009036,166.0504998,6.018072289,0.122794472120797,-0.0822172617674588,"5",1.5,2.730769231,0,17.30769231,0.269230769,21.80769231,0.916290731874155,1.31661444054376,0,2.90732131633599,0.23841102326318,3.12709786107742,0.487903487
"237","MTR_P11",0,14,6.89,40.5760709,199.9778434,280.9850411,5.491875923,0.0642765708869887,0.0283241059810442,"1",0.115384615384615,0.615384615384615,0,7.19230769230769,0,7.92307692307692,0.109199291964992,0.479573080261886,0,2.10319562768794,0,2.18864083364483,0.331650354
"238","MTR_P11",0,14,6.89,40.5760709,199.9778434,280.9850411,5.491875923,0.0642765708869887,0.0283241059810442,"2",0,0.269230769230769,0,7.30769230769231,0.192307692307692,7.76923076923077,0,0.238411023444998,0,2.11718186966268,0.175890666463664,2.17124909093296,0.234243951
"239","MTR_P11",0,14,6.89,40.5760709,199.9778434,280.9850411,5.491875923,0.0642765708869887,0.0283241059810442,"3",0.423076923076923,0.884615384615385,0,4.88461538461539,0.153846153846154,6.34615384615385,0.352821374622742,0.633723760089145,0,1.77234138337095,0.143100843640673,1.99417689002515,0.274230895
"240","MTR_P11",0,14,6.89,40.5760709,199.9778434,280.9850411,5.491875923,0.0642765708869887,0.0283241059810442,"5",0.115384615,0.615384615,0,7.192307692,0,7.923076922,0.109199291620164,0.479573080023791,0,2.10319562765038,0,2.18864083352414,0.479019982
"241","MTR_P12",0,14,2.79,160.2212121,215.8772727,283.2018314,3.346969697,0.0861029660182423,0.00408927766044081,"1",0.153846153846154,5.61538461538461,0,98.75,0,104.519230769231,0.143100843640673,1.88939793879197,0,4.60266705576997,0,4.65889321847755,0.35072185
"242","MTR_P12",0,14,2.79,160.2212121,215.8772727,283.2018314,3.346969697,0.0861029660182423,0.00408927766044081,"2",0.192307692307692,2.23076923076923,0,84.6923076923077,0.192307692307692,87.3076923076923,0.175890666463664,1.17272026082183,0,4.45076306302569,0.175890666463664,4.48082721941798,0.277617227
"243","MTR_P12",0,14,2.79,160.2212121,215.8772727,283.2018314,3.346969697,0.0861029660182423,0.00408927766044081,"3",0.952380952380952,6.42857142857143,0,141.833333333333,0,149.214285714285,0.669049628980885,2.00533356952611,0,4.96167844936972,0,5.01206284608744,0.311032638
"244","MTR_P12",0,14,2.79,160.2212121,215.8772727,283.2018314,3.346969697,0.0861029660182423,0.00408927766044081,"5",0.153846154,5.615384615,0,98.75,0,104.519230769,0.143100843774007,1.88939793873383,0,4.60266705576997,0,4.65889321847536,0.49925481
"245","RGR_P01",0,50,4.76,113.4444444,212.1447368,415.0915677,5.011695906,0.14790560360348,-0.144239928966222,"1",2.03846153846154,16.2884615384615,9.30769230769231,66.7115384615385,0.0384615384615385,94.3846153846154,1.11135131444554,2.85003931589019,2.33289044248937,4.21525660057363,0.0377403279828471,4.55791730113755,0.293308897
"246","RGR_P01",0,50,4.76,113.4444444,212.1447368,415.0915677,5.011695906,0.14790560360348,-0.144239928966222,"2",1.23076923076923,9.92307692307692,8.46153846153846,44.6923076923077,0.192307692307692,64.5,0.802346472524937,2.39087770013972,2.24723499791088,3.82192996190111,0.175890666463664,4.18205014264121,0.310018397
"247","RGR_P01",0,50,4.76,113.4444444,212.1447368,415.0915677,5.011695906,0.14790560360348,-0.144239928966222,"3",1.5,10.6346153846154,6.30769230769231,32.1346153846154,0.115384615384615,50.6923076923077,0.916290731874155,2.45398473944942,1.988927534139,3.5005785179465,0.109199291964992,3.94530898306161,0.334479623
"248","RGR_P01",0,50,4.76,113.4444444,212.1447368,415.0915677,5.011695906,0.14790560360348,-0.144239928966222,"5",2.038461538,16.28846154,9.307692308,66.71153846,0.038461538,94.384615384,1.11135131429364,2.85003931597918,2.33289044251923,4.2152566005509,0.0377403275384026,4.55791730113109,0.558128625
"249","RGR_P02",0,10,2.54,153.175,220.6985294,431.3894355,5.561764706,0.0767339884051051,-0.165105942283172,"1",2.30769230769231,10.0769230769231,5.42307692307692,39.4615384615385,0.0769230769230769,57.3461538461539,1.19625075823203,2.40486394211447,1.85989727439527,3.70035185527617,0.0741079721537219,4.06639344132705,0.344294402
"250","RGR_P02",0,10,2.54,153.175,220.6985294,431.3894355,5.561764706,0.0767339884051051,-0.165105942283172,"2",1.46153846153846,7.73076923076923,6.73076923076923,34.9423076923077,0.192307692307692,51.0576923076923,0.900786545338189,2.16685347945992,2.04520837003759,3.58191508887414,0.175890666463664,3.95235257103287,0.333147554
"251","RGR_P02",0,10,2.54,153.175,220.6985294,431.3894355,5.561764706,0.0767339884051051,-0.165105942283172,"3",0.833333333333333,7.41666666666667,6.04166666666667,24.7083333333333,0,39,0.606135803570315,2.13021386705326,1.95184488457513,3.24681519355744,0,3.68887945411394,0.363129412
"252","RGR_P02",0,10,2.54,153.175,220.6985294,431.3894355,5.561764706,0.0767339884051051,-0.165105942283172,"5",2.307692308,10.07692308,5.423076923,39.46153846,0.076923077,57.346153848,1.19625075832505,2.40486394239224,1.8598972743833,3.70035185523815,0.0741079722251505,4.06639344135869,0.590011164
"253","RGR_P03",3,10,2.3,125.0884146,215.25,437.2681432,10.04420732,0.0648639276819086,-0.0196722457732148,"1",0.769230769230769,8.19230769230769,3.92307692307692,35.4615384615385,1.34615384615385,49.6923076923077,0.570544858467613,2.21836701391003,1.59393372589813,3.59625796423354,0.852777326151831,3.92577417704097,0.34297098
"254","RGR_P03",3,10,2.3,125.0884146,215.25,437.2681432,10.04420732,0.0648639276819086,-0.0196722457732148,"2",1.26923076923077,8.11538461538461,5,41.0384615384615,0,55.4230769230769,0.819440905884238,2.20996360311365,1.79175946922805,3.73858495015506,0,4.0328782401215,0.377038066
"255","RGR_P03",3,10,2.3,125.0884146,215.25,437.2681432,10.04420732,0.0648639276819086,-0.0196722457732148,"3",0.730769230769231,6.92307692307692,6.96153846153846,32.5769230769231,0,47.1923076923077,0.548565951748838,2.0697796307681,2.07462225524389,3.51383901781812,0,3.87519941687459,0.394326479
"256","RGR_P03",3,10,2.3,125.0884146,215.25,437.2681432,10.04420732,0.0648639276819086,-0.0196722457732148,"5",1.269230769,8.115384615,5,41.03846154,0,55.423076924,0.819440905782542,2.20996360307146,1.79175946922805,3.73858495019165,0,4.03287824013786,0.488673065
"257","RGR_P04",8,10,2.2,164.1694153,217.077961,431.8428228,2.029985007,0.00106412558993461,0.0817159648392885,"1",1.15384615384615,7.73076923076923,3.23076923076923,33.1923076923077,0,45.3076923076923,0.767255152713665,2.16685347945992,1.44238382777093,3.53200069749242,0,3.83530808784728,0.337618337
"258","RGR_P04",8,10,2.2,164.1694153,217.077961,431.8428228,2.029985007,0.00106412558993461,0.0817159648392885,"2",1.11538461538462,9.34615384615385,2.92307692307692,29.75,0,43.1346153846154,0.749236647210991,2.33661484158036,1.36687627526279,3.42588999425253,0,3.78724440391322,0.330831361
"259","RGR_P04",8,10,2.2,164.1694153,217.077961,431.8428228,2.029985007,0.00106412558993461,0.0817159648392885,"3",0.384615384615385,4,2.61538461538462,16.2307692307692,0,23.2307692307692,0.325422400434628,1.6094379124341,1.28519824424852,2.8466966943935,0,3.1876232813641,0.357103016
"260","RGR_P04",8,10,2.2,164.1694153,217.077961,431.8428228,2.029985007,0.00106412558993461,0.0817159648392885,"5",1.115384615,9.346153846,2.923076923,29.75,0,43.134615384,0.749236647029171,2.33661484156549,1.36687627524318,3.42588999425253,0,3.78724440389927,0.536440615
"261","SDW_P01",0,10,6.53,10.61832061,177.8900763,317.0104363,13.01221374,-0.00837622227474614,0.0239554819474317,"1",2.03846153846154,0.846153846153846,0.653846153846154,3.38461538461538,0.192307692307692,7.11538461538461,1.11135131444554,0.613104472886409,0.50310357767208,1.47810191037301,0.175890666463664,2.09376159545458,0.328307615
"262","SDW_P01",0,10,6.53,10.61832061,177.8900763,317.0104363,13.01221374,-0.00837622227474614,0.0239554819474317,"2",2.5,1.19230769230769,0.615384615384615,4,0,8.3076923076923,1.25276296849537,0.784954729813067,0.479573080261886,1.6094379124341,0,2.2308411881352,0.305410354
"263","SDW_P01",0,10,6.53,10.61832061,177.8900763,317.0104363,13.01221374,-0.00837622227474614,0.0239554819474317,"3",3.76923076923077,0.615384615384615,0.115384615384615,2.03846153846154,0,6.53846153846154,1.56218502758355,0.479573080261886,0.109199291964992,1.11135131444554,0,2.02001812120904,0.329631419
"264","SDW_P01",0,10,6.53,10.61832061,177.8900763,317.0104363,13.01221374,-0.00837622227474614,0.0239554819474317,"5",2.5,1.192307692,0.615384615,4,0,8.307692307,1.25276296849537,0.784954729672717,0.479573080023791,1.6094379124341,0,2.23084118806082,0.480595854
"265","SDW_P02",12,32,1.26,231.9102941,226.0088235,316.5642074,6.844117647,0.00938659405774867,0.0747125555954377,"1",0,0,0,0.230769230769231,0,0.230769230769231,0,0,0,0.207639364778245,0,0.207639364778245,0.281957729
"266","SDW_P02",12,32,1.26,231.9102941,226.0088235,316.5642074,6.844117647,0.00938659405774867,0.0747125555954377,"2",0,0,0,0,0,0,0,0,0,0,0,0,0.290026039
"267","SDW_P02",12,32,1.26,231.9102941,226.0088235,316.5642074,6.844117647,0.00938659405774867,0.0747125555954377,"3",0,0,0,0,0,0,0,0,0,0,0,0,0.30227221
"268","SDW_P02",12,32,1.26,231.9102941,226.0088235,316.5642074,6.844117647,0.00938659405774867,0.0747125555954377,"5",0,0,0,0,0,0,0,0,0,0,0,0,0.446198747
"269","SDW_P03",0,10,4.27,243.5224551,226.5733533,217.5253565,8.273952096,-0.112417154471729,0.0500281025692878,"1",0.461538461538462,0,0,1.23076923076923,1.03846153846154,2.73076923076923,0.379489621704904,0,0,0.802346472524937,0.712195375530641,1.3166144404819,0.284939328
"270","SDW_P03",0,10,4.27,243.5224551,226.5733533,217.5253565,8.273952096,-0.112417154471729,0.0500281025692878,"2",0.538461538461538,0,0,1.46153846153846,1,3,0.430782916092454,0,0,0.900786545338189,0.693147180559945,1.38629436111989,0.235424941
"271","SDW_P03",0,10,4.27,243.5224551,226.5733533,217.5253565,8.273952096,-0.112417154471729,0.0500281025692878,"3",0.5,0,0,0.846153846153846,3.03846153846154,4.38461538461539,0.405465108108164,0,0,0.613104472886409,1.39586381213604,1.68354588458782,0.283649268
"272","SDW_P03",0,10,4.27,243.5224551,226.5733533,217.5253565,8.273952096,-0.112417154471729,0.0500281025692878,"5",0.461538462,0,0,1.230769231,1.038461538,2.730769231,0.379489622020693,0,0,0.802346472628386,0.712195375304225,1.31661444054376,0.4758809
"273","SDW_P04",0,10,1.26,72.43628186,183.3583208,138.1516996,15.20389805,0.0259511241395214,0.00281986068331439,"1",2.90384615384615,0,0,0,0,2.90384615384615,1.36196226046036,0,0,0,0,1.36196226046036,0.292226165
"274","SDW_P04",0,10,1.26,72.43628186,183.3583208,138.1516996,15.20389805,0.0259511241395214,0.00281986068331439,"2",0.961538461538462,0.0769230769230769,0,0.115384615384615,0,1.15384615384615,0.673729094702844,0.0741079721537219,0,0.109199291964992,0,0.767255152713667,0.242290858
"275","SDW_P04",0,10,1.26,72.43628186,183.3583208,138.1516996,15.20389805,0.0259511241395214,0.00281986068331439,"3",1.92307692307692,0,0,0,0,1.92307692307692,1.07263680226485,0,0,0,0,1.07263680226485,0.282056564
"276","SDW_P04",0,10,1.26,72.43628186,183.3583208,138.1516996,15.20389805,0.0259511241395214,0.00281986068331439,"5",2.903846154,0,0,0,0,2.903846154,1.36196226049977,0,0,0,0,1.36196226049977,0.510491947
"277","SDW_P05",0,10,1.99,272.3994083,218.806213,207.2906965,8.717455621,-0.11389922101983,0.0567330179078722,"1",0.269230769230769,0,0,0.307692307692308,0,0.576923076923077,0.238411023444998,0,0,0.26826398659468,0,0.455475528682826,0.263155779
"278","SDW_P05",0,10,1.99,272.3994083,218.806213,207.2906965,8.717455621,-0.11389922101983,0.0567330179078722,"2",0.307692307692308,0,0.192307692307692,0.115384615384615,0.0384615384615385,0.653846153846154,0.26826398659468,0,0.175890666463664,0.109199291964992,0.0377403279828471,0.50310357767208,0.207150615
"279","SDW_P05",0,10,1.99,272.3994083,218.806213,207.2906965,8.717455621,-0.11389922101983,0.0567330179078722,"3",0,0,0,0,0,0,0,0,0,0,0,0,0.256355562
"280","SDW_P05",0,10,1.99,272.3994083,218.806213,207.2906965,8.717455621,-0.11389922101983,0.0567330179078722,"5",0.269230769,0,0,0.307692308,0,0.576923077,0.23841102326318,0,0,0.268263986829973,0,0.455475528731606,0.555394703
"281","SDW_P06",0,10,1.19,20.04242424,197.4030303,142.8105138,6.560606061,-0.0867571183504698,0.0833215499746553,"1",25.5576923076923,0.596153846153846,0.115384615384615,6.53846153846154,0,32.8076923076923,3.27931943482786,0.467596889215171,0.109199291964992,2.02001812120904,0,3.52068835966369,0.224043032
"282","SDW_P06",0,10,1.19,20.04242424,197.4030303,142.8105138,6.560606061,-0.0867571183504698,0.0833215499746553,"2",10.4230769230769,0,0.0384615384615385,4.96153846153846,0,15.4230769230769,2.43563560078122,0,0.0377403279828471,1.78532857889776,0,2.79868747520714,0.20956903
"283","SDW_P06",0,10,1.19,20.04242424,197.4030303,142.8105138,6.560606061,-0.0867571183504698,0.0833215499746553,"3",8.30769230769231,0.0769230769230769,0.230769230769231,3.46153846153846,0,12.0769230769231,2.2308411881352,0.0741079721537219,0.207639364778245,1.49549365308488,0,2.57084907958873,0.271681084
"284","SDW_P06",0,10,1.19,20.04242424,197.4030303,142.8105138,6.560606061,-0.0867571183504698,0.0833215499746553,"5",25.55769231,0.596153846,0.115384615,6.538461538,0,32.807692309,3.27931943491476,0.467596889118785,0.109199291620164,2.02001812114781,0,3.52068835970238,0.451202176
"285","SDW_P07",4,10,2.63,281.1529412,215.4720588,151.5139572,4,-0.19201034041625,-0.0607795288614447,"1",3.13461538461538,0.576923076923077,1.65384615384615,5.15384615384615,0,10.5192307692308,1.41939430954623,0.455475528682826,0.976009966575776,1.81707727721234,0,2.44401787953402,0.232832318
"286","SDW_P07",4,10,2.63,281.1529412,215.4720588,151.5139572,4,-0.19201034041625,-0.0607795288614447,"2",0,0.115384615384615,0.230769230769231,0.5,0,0.846153846153846,0,0.109199291964992,0.207639364778245,0.405465108108164,0,0.613104472886409,0.240770539
"287","SDW_P07",4,10,2.63,281.1529412,215.4720588,151.5139572,4,-0.19201034041625,-0.0607795288614447,"3",0.576923076923077,0.307692307692308,0.692307692307692,3.73076923076923,0,5.30769230769231,0.455475528682826,0.26826398659468,0.526093095896779,1.55408781735094,0,1.84176988980272,0.278480693
"288","SDW_P07",4,10,2.63,281.1529412,215.4720588,151.5139572,4,-0.19201034041625,-0.0607795288614447,"5",3.134615385,0.576923077,1.653846154,5.153846154,0,10.51923077,1.41939430963926,0.455475528731606,0.976009966633748,1.81707727723734,0,2.4440178796008,0.528541379
"289","SDW_P08",0,10,1.19,288.9060606,206.2742424,214.5069682,17.97727273,-0.0662184456231168,0.0932434556265457,"1",9.19230769230769,2.57692307692308,0,23.8076923076923,0,35.5769230769231,2.32163328796474,1.27450295513177,0,3.21115377877429,0,3.59941752452391,0.271980796
"290","SDW_P08",0,10,1.19,288.9060606,206.2742424,214.5069682,17.97727273,-0.0662184456231168,0.0932434556265457,"2",6.85714285714286,1.21428571428571,0,16.2142857142857,0,24.2857142857143,2.06142303617716,0.794929874869886,0,2.8457396038754,0,3.23023958351852,0.217675467
"291","SDW_P08",0,10,1.19,288.9060606,206.2742424,214.5069682,17.97727273,-0.0662184456231168,0.0932434556265457,"3",6.07692307692308,0.961538461538462,0,18.4038461538462,0,25.4423076923077,1.9568392195875,0.673729094702844,0,2.96547130177218,0,3.27496529151925,0.284226994
"292","SDW_P08",0,10,1.19,288.9060606,206.2742424,214.5069682,17.97727273,-0.0662184456231168,0.0932434556265457,"5",9.192307692,2.576923077,0,23.80769231,0,35.576923079,2.32163328793455,1.27450295515328,0,3.21115377886731,0,3.59941752458069,0.498013884
"293","SDW_P09",17,139,2.72,12.68005952,197.8258929,107.9335364,6.391369048,0.055390252254097,-0.126130215981878,"1",1,5.96153846153846,2.76923076923077,14.2692307692308,0,24,0.693147180559945,1.94040049324434,1.32687094064909,2.72583974266571,0,3.2188758248682,0.405170139
"294","SDW_P09",17,139,2.72,12.68005952,197.8258929,107.9335364,6.391369048,0.055390252254097,-0.126130215981878,"2",1.53846153846154,6.42307692307692,3.46153846153846,14.7692307692308,0,26.1923076923077,0.931558204004944,2.0045936508834,1.49549365308488,2.75806062167687,0,3.30293412787509,0.276377776
"295","SDW_P09",17,139,2.72,12.68005952,197.8258929,107.9335364,6.391369048,0.055390252254097,-0.126130215981878,"3",0,5.625,1.85,12.875,0.3,20.65,0,1.89085037187229,1.04731899428056,2.6300886596325,0.262364264467491,3.0750054544485,0.382797376
"296","SDW_P09",17,139,2.72,12.68005952,197.8258929,107.9335364,6.391369048,0.055390252254097,-0.126130215981878,"5",1.538461538,6.423076923,3.461538462,14.76923077,0,26.192307693,0.931558203823125,2.00459365087304,1.49549365318833,2.75806062172565,0,3.30293412790055,0.45085013
"297","SDW_P10",121,139,2.72,310.6539634,199.0426829,116.2519099,13.16158537,-0.0162893727978175,0.110126088152541,"1",0.0384615384615385,0.615384615384615,0.269230769230769,1.73076923076923,0,2.65384615384615,0.0377403279828471,0.479573080261886,0.238411023444998,1.00458333901983,0,1.29578035357906,0.43289553
"298","SDW_P10",121,139,2.72,310.6539634,199.0426829,116.2519099,13.16158537,-0.0162893727978175,0.110126088152541,"2",0,0.0769230769230769,0.230769230769231,0.153846153846154,0,0.461538461538462,0,0.0741079721537219,0.207639364778245,0.143100843640673,0,0.379489621704904,0.279603352
"299","SDW_P10",121,139,2.72,310.6539634,199.0426829,116.2519099,13.16158537,-0.0162893727978175,0.110126088152541,"3",0.615384615384615,0,0.153846153846154,0,0,0.769230769230769,0.479573080261886,0,0.143100843640673,0,0,0.570544858467613,0.398114558
"300","SDW_P10",121,139,2.72,310.6539634,199.0426829,116.2519099,13.16158537,-0.0162893727978175,0.110126088152541,"5",0,0.076923077,0.230769231,0.153846154,0,0.461538462,0,0.0741079722251505,0.207639364965745,0.143100843774007,0,0.379489622020693,0.529877512
"301","SDW_P11",0,47,4.1,303.3905325,210.8713018,97.0492403,5,-0.0240856771977155,0.0825713253948026,"1",11.8076923076923,21.5384615384615,0,90.1538461538462,0.384615384615385,123.884615384615,2.55004595195896,3.11522325155553,0,4.5125486961077,0.325422400434628,4.82739023408136,0.453969588
"302","SDW_P11",0,47,4.1,303.3905325,210.8713018,97.0492403,5,-0.0240856771977155,0.0825713253948026,"2",8.5625,10.4375,0,73.9375,0.125,93.0625,2.25784919915265,2.43689743060164,0,4.31665443278773,0.117783035656383,4.5439594549432,0.30003602
"303","SDW_P11",0,47,4.1,303.3905325,210.8713018,97.0492403,5,-0.0240856771977155,0.0825713253948026,"3",0.962962962962963,8.98148148148148,0,45.0185185185185,0,54.9629629629629,0.674455047547793,2.30073152434472,0,3.82904389196645,0,4.02469009626841,0.431858391
"304","SDW_P11",0,47,4.1,303.3905325,210.8713018,97.0492403,5,-0.0240856771977155,0.0825713253948026,"5",8.5625,10.4375,0,73.9375,0.125,93.0625,2.25784919915265,2.43689743060164,0,4.31665443278773,0.117783035656383,4.5439594549432,0.542645044
"305","SDW_P12",47,139,1.49,203.1863905,228.7914201,205.1414628,7.420118343,-0.124384868037374,0.0425941186790434,"1",0,1.07692307692308,0,0.884615384615385,0,1.96153846153847,0,0.730887508542794,0,0.633723760089145,0,1.0857088838322,0.25661204
"306","SDW_P12",47,139,1.49,203.1863905,228.7914201,205.1414628,7.420118343,-0.124384868037374,0.0425941186790434,"2",0.115384615384615,0.153846153846154,0,0.730769230769231,0,1,0.109199291964992,0.143100843640673,0,0.548565951748838,0,0.693147180559945,0.24328223
"307","SDW_P12",47,139,1.49,203.1863905,228.7914201,205.1414628,7.420118343,-0.124384868037374,0.0425941186790434,"3",0.153846153846154,1.69230769230769,0,1.88461538461538,0,3.73076923076922,0.143100843640673,0.990398704027876,0,1.05939157551483,0,1.55408781735093,0.274170314
"308","SDW_P12",47,139,1.49,203.1863905,228.7914201,205.1414628,7.420118343,-0.124384868037374,0.0425941186790434,"5",0.115384615,0.153846154,0,0.730769231,0,1,0.109199291620164,0.143100843774007,0,0.548565951882171,0,0.693147180559945,0.463351834
"309","SVH_P01",0,14,3.65,175.8668639,233.3713018,403.5266298,11.63313609,0.00639691761084458,-0.010026597283601,"1",0,0,0,0.0384615384615385,0.269230769230769,0.307692307692307,0,0,0,0.0377403279828471,0.238411023444998,0.268263986594679,0.297327003
"310","SVH_P01",0,14,3.65,175.8668639,233.3713018,403.5266298,11.63313609,0.00639691761084458,-0.010026597283601,"2",0,0,0,0,0,0,0,0,0,0,0,0,0.337369039
"311","SVH_P01",0,14,3.65,175.8668639,233.3713018,403.5266298,11.63313609,0.00639691761084458,-0.010026597283601,"3",0,0,0,0.115384615384615,0,0.115384615384615,0,0,0,0.109199291964992,0,0.109199291964992,0.339165631
"312","SVH_P01",0,14,3.65,175.8668639,233.3713018,403.5266298,11.63313609,0.00639691761084458,-0.010026597283601,"5",0,0,0,0.038461538,0.269230769,0.307692307,0,0,0,0.0377403275384026,0.23841102326318,0.268263986065268,0.494968528
"313","SVH_P02",0,14,2.52,217.9426471,237.4220588,287.387942,12.63823529,-0.0271535266229168,0.101148624864455,"1",0,0,0,0.0384615384615385,0.269230769230769,0.307692307692307,0,0,0,0.0377403279828471,0.238411023444998,0.268263986594679,0.319878519
"314","SVH_P02",0,14,2.52,217.9426471,237.4220588,287.387942,12.63823529,-0.0271535266229168,0.101148624864455,"2",0,0,0,0,0,0,0,0,0,0,0,0,0.335714261
"315","SVH_P02",0,14,2.52,217.9426471,237.4220588,287.387942,12.63823529,-0.0271535266229168,0.101148624864455,"3",0,0,0,0,0,0,0,0,0,0,0,0,0.343183195
"316","SVH_P02",0,14,2.52,217.9426471,237.4220588,287.387942,12.63823529,-0.0271535266229168,0.101148624864455,"5",0,0,0,0.038461538,0.269230769,0.307692307,0,0,0,0.0377403275384026,0.23841102326318,0.268263986065268,0.549657227
"317","SVH_P03",1,14,3.2,228.633888,232.2511346,378.5572601,12.92435703,0.101843568701837,-0.0393563852003353,"1",0,0,0,0.192307692307692,0.576923076923077,0.769230769230769,0,0,0,0.175890666463664,0.455475528682826,0.570544858467613,0.368138602
"318","SVH_P03",1,14,3.2,228.633888,232.2511346,378.5572601,12.92435703,0.101843568701837,-0.0393563852003353,"2",0,0,0,0,0,0,0,0,0,0,0,0,0.31963805
"319","SVH_P03",1,14,3.2,228.633888,232.2511346,378.5572601,12.92435703,0.101843568701837,-0.0393563852003353,"3",0,0,0,0,0.178571428571429,0.178571428571429,0,0,0,0,0.164303051291277,0.164303051291277,0.338287955
"320","SVH_P03",1,14,3.2,228.633888,232.2511346,378.5572601,12.92435703,0.101843568701837,-0.0393563852003353,"5",0,0,0,0.192307692,0.576923077,0.769230769,0,0,0,0.1758906662056,0.455475528731606,0.570544858337178,0.502541042
"321","SYC_P01",0,14,4.74,239.8173653,210.9520958,330.0560981,2.645209581,0.0866883072573038,-1.50626883424279e-05,"1",0,0.769230769230769,0,3,0.730769230769231,4.5,0,0.570544858467613,0,1.38629436111989,0.548565951748838,1.70474809223843,0.301256356
"322","SYC_P01",0,14,4.74,239.8173653,210.9520958,330.0560981,2.645209581,0.0866883072573038,-1.50626883424279e-05,"2",0.192307692307692,0.115384615384615,0,0.807692307692308,1.53846153846154,2.65384615384616,0.175890666463664,0.109199291964992,0,0.592051063688577,0.931558204004944,1.29578035357906,0.2826995
"323","SYC_P01",0,14,4.74,239.8173653,210.9520958,330.0560981,2.645209581,0.0866883072573038,-1.50626883424279e-05,"3",0.192307692307692,0.115384615384615,0,1.57692307692308,0.0384615384615385,1.92307692307693,0.175890666463664,0.109199291964992,0,0.946596081369485,0.0377403279828471,1.07263680226485,0.291286645
"324","SYC_P01",0,14,4.74,239.8173653,210.9520958,330.0560981,2.645209581,0.0866883072573038,-1.50626883424279e-05,"5",0.192307692,0.115384615,0,0.807692308,1.538461538,2.653846153,0.1758906662056,0.109199291620164,0,0.592051063858789,0.931558203823125,1.29578035334748,0.429704547
"325","SYC_P02",0,14,2.26,45.92575758,176.2439394,344.8720678,14.05909091,0.0226629441911627,0.0460374291003544,"1",0.192307692307692,0,0,0.5,0,0.692307692307692,0.175890666463664,0,0,0.405465108108164,0,0.526093095896779,0.287360665
"326","SYC_P02",0,14,2.26,45.92575758,176.2439394,344.8720678,14.05909091,0.0226629441911627,0.0460374291003544,"2",0.384615384615385,0.0769230769230769,0,1.69230769230769,0.192307692307692,2.34615384615384,0.325422400434628,0.0741079721537219,0,0.990398704027876,0.175890666463664,1.2078115806331,0.280831065
"327","SYC_P02",0,14,2.26,45.92575758,176.2439394,344.8720678,14.05909091,0.0226629441911627,0.0460374291003544,"3",0,0.346153846153846,0,0.923076923076923,0,1.26923076923077,0,0.297251523467931,0,0.653926467406664,0,0.819440905884237,0.286818639
"328","SYC_P02",0,14,2.26,45.92575758,176.2439394,344.8720678,14.05909091,0.0226629441911627,0.0460374291003544,"5",0.384615385,0.076923077,0,1.692307692,0.192307692,2.346153846,0.325422400712406,0.0741079722251505,0,0.990398703913591,0.1758906662056,1.20781158058712,0.398980158
"329","SYC_P03",0,14,3.05,271.4659763,215.4156805,320.3834096,4.650887574,0.0499719284291191,0.0469858746793775,"1",0.846153846153846,0.653846153846154,0.0384615384615385,5.92307692307692,0,7.46153846153846,0.613104472886409,0.50310357767208,0.0377403279828471,1.93486031286873,0,2.13553100833088,0.319587754
"330","SYC_P03",0,14,3.05,271.4659763,215.4156805,320.3834096,4.650887574,0.0499719284291191,0.0469858746793775,"2",2.5,0.307692307692308,0.192307692307692,4.32692307692308,0,7.32692307692308,1.25276296849537,0.26826398659468,0.175890666463664,1.67277378760591,0,2.11949400942106,0.268622273
"331","SYC_P03",0,14,3.05,271.4659763,215.4156805,320.3834096,4.650887574,0.0499719284291191,0.0469858746793775,"3",2.19230769230769,0.230769230769231,0.307692307692308,2.38461538461538,0.961538461538462,6.07692307692307,1.16074406977512,0.207639364778245,0.26826398659468,1.21924027645672,0.673729094702844,1.9568392195875,0.291716795
"332","SYC_P03",0,14,3.05,271.4659763,215.4156805,320.3834096,4.650887574,0.0499719284291191,0.0469858746793775,"5",2.5,0.307692308,0.192307692,4.326923077,0,7.326923077,1.25276296849537,0.268263986829973,0.1758906662056,1.67277378762035,0,2.1194940094303,0.458013548
"333","SYC_P04",0,14,4.37,31.24242424,204.7056277,415.0439036,3.642135642,-0.0256870156845057,0.0948323652577755,"1",0,0,0,0.423076923076923,0.192307692307692,0.615384615384615,0,0,0,0.352821374622742,0.175890666463664,0.479573080261886,0.326106578
"334","SYC_P04",0,14,4.37,31.24242424,204.7056277,415.0439036,3.642135642,-0.0256870156845057,0.0948323652577755,"2",0.115384615384615,0,0,0,0.0769230769230769,0.192307692307692,0.109199291964992,0,0,0,0.0741079721537219,0.175890666463664,0.279210464
"335","SYC_P04",0,14,4.37,31.24242424,204.7056277,415.0439036,3.642135642,-0.0256870156845057,0.0948323652577755,"3",0.115384615384615,0,0,0,0.0384615384615385,0.153846153846153,0.109199291964992,0,0,0,0.0377403279828471,0.143100843640673,0.304388867
"336","SYC_P04",0,14,4.37,31.24242424,204.7056277,415.0439036,3.642135642,-0.0256870156845057,0.0948323652577755,"5",0.115384615,0,0,0,0.076923077,0.192307692,0.109199291620164,0,0,0,0.0741079722251505,0.1758906662056,0.441148976
"337","SYC_P05",0,14,2.17,167.2838235,234.3970588,357.8050689,14.14411765,0.0439315082297238,0.0211297337732811,"1",0.0384615384615385,0,0,0,0,0.0384615384615385,0.0377403279828471,0,0,0,0,0.0377403279828471,0.344680493
"338","SYC_P05",0,14,2.17,167.2838235,234.3970588,357.8050689,14.14411765,0.0439315082297238,0.0211297337732811,"2",0.0384615384615385,0,0,0.0769230769230769,0,0.115384615384615,0.0377403279828471,0,0,0.0741079721537219,0,0.109199291964992,0.307699277
"339","SYC_P05",0,14,2.17,167.2838235,234.3970588,357.8050689,14.14411765,0.0439315082297238,0.0211297337732811,"3",0.192307692307692,0,0.0384615384615385,0,0,0.230769230769231,0.175890666463664,0,0.0377403279828471,0,0,0.207639364778244,0.31691734
"340","SYC_P05",0,14,2.17,167.2838235,234.3970588,357.8050689,14.14411765,0.0439315082297238,0.0211297337732811,"5",0.038461538,0,0,0,0,0.038461538,0.0377403275384026,0,0,0,0,0.0377403275384026,0.449433937
"341","SYC_P06",2,14,2.02,103.4166667,206.9327485,309.5543096,9.198830409,0.048051361445852,0.0592740000235423,"1",6.69230769230769,2.92307692307692,0.769230769230769,15.7307692307692,0,26.1153846153846,2.04022082852655,1.36687627526279,0.570544858467613,2.8172494930672,0,3.30010126479079,0.32914943
"342","SYC_P06",2,14,2.02,103.4166667,206.9327485,309.5543096,9.198830409,0.048051361445852,0.0592740000235423,"2",13,1.15384615384615,0.153846153846154,16.6538461538462,0.384615384615385,31.3461538461539,2.63905732961526,0.767255152713665,0.143100843640673,2.87095367203907,0.325422400434628,3.47649512195147,0.323860593
"343","SYC_P06",2,14,2.02,103.4166667,206.9327485,309.5543096,9.198830409,0.048051361445852,0.0592740000235423,"3",7.92307692307692,1.23076923076923,0.192307692307692,7.88461538461539,0.0384615384615385,17.2692307692308,2.18864083364483,0.802346472524937,0.175890666463664,2.18432117250031,0.0377403279828471,2.90521826601316,0.311926582
"344","SYC_P06",2,14,2.02,103.4166667,206.9327485,309.5543096,9.198830409,0.048051361445852,0.0592740000235423,"5",6.692307692,2.923076923,0.769230769,15.73076923,0,26.115384614,2.04022082848655,1.36687627524318,0.570544858337178,2.81724949302123,0,3.30010126473972,0.405655143
"345","SYC_P07",0,14,4.69,172.7163959,222.6085672,258.0481511,4.930576071,0.0342655665578737,0.070753711701803,"1",6.30769230769231,5.03846153846154,1.23076923076923,18.6153846153846,11.8076923076923,43,1.988927534139,1.79814926732683,0.802346472524937,2.97631418769689,2.55004595195896,3.78418963391826,0.329361571
"346","SYC_P07",0,14,4.69,172.7163959,222.6085672,258.0481511,4.930576071,0.0342655665578737,0.070753711701803,"2",2.61538461538462,0.730769230769231,0.923076923076923,9.38461538461539,12,25.6538461538462,1.28519824424852,0.548565951748838,0.653926467406664,2.34032542097689,2.56494935746154,3.28293346116842,0.318878902
"347","SYC_P07",0,14,4.69,172.7163959,222.6085672,258.0481511,4.930576071,0.0342655665578737,0.070753711701803,"3",1.38461538461538,0.769230769230769,2.03846153846154,3.61538461538462,9,16.8076923076923,0.869037847023608,0.570544858467613,1.11135131444554,1.52939520476057,2.30258509299405,2.87963051606475,0.318330959
"348","SYC_P07",0,14,4.69,172.7163959,222.6085672,258.0481511,4.930576071,0.0342655665578737,0.070753711701803,"5",6.307692308,5.038461538,1.230769231,18.61538462,11.80769231,43.000000007,1.98892753418111,1.79814926725039,0.802346472628386,2.97631418793218,2.55004595213914,3.78418963407735,0.462844034
"349","SYC_P08",0,14,3.05,238.7886905,213.139881,199.3499372,3.203869048,0.110042750650053,-0.0603754924259544,"1",5.4,0.48,0.2,7.28,0,13.36,1.85629799036563,0.392042087776024,0.182321556793955,2.11384296839717,0,2.66444656362008,0.365283168
"350","SYC_P08",0,14,3.05,238.7886905,213.139881,199.3499372,3.203869048,0.110042750650053,-0.0603754924259544,"2",4,0.192307692307692,0,1.57692307692308,0.230769230769231,6,1.6094379124341,0.175890666463664,0,0.946596081369485,0.207639364778245,1.94591014905531,0.339975464
"351","SYC_P08",0,14,3.05,238.7886905,213.139881,199.3499372,3.203869048,0.110042750650053,-0.0603754924259544,"3",5.5,0.615384615384615,0,3.92307692307692,0,10.0384615384615,1.87180217690159,0.479573080261886,0,1.59393372589813,0,2.40138567773814,0.360859651
"352","SYC_P08",0,14,3.05,238.7886905,213.139881,199.3499372,3.203869048,0.110042750650053,-0.0603754924259544,"5",5.4,0.48,0.2,7.28,0,13.36,1.85629799036563,0.392042087776024,0.182321556793955,2.11384296839717,0,2.66444656362008,0.557707831
"353","SYP_P01",3,47,2.11,131.8877246,216.2140719,548.9953668,7.872754491,-0.0793500669301632,0.0676215735896452,"1",0,0.0384615384615385,0,0.115384615384615,0,0.153846153846153,0,0.0377403279828471,0,0.109199291964992,0,0.143100843640673,0.374833021
"354","SYP_P01",3,47,2.11,131.8877246,216.2140719,548.9953668,7.872754491,-0.0793500669301632,0.0676215735896452,"2",0,0,0,0,0,0,0,0,0,0,0,0,0.390740423
"355","SYP_P01",3,47,2.11,131.8877246,216.2140719,548.9953668,7.872754491,-0.0793500669301632,0.0676215735896452,"3",0,0.0384615384615385,0,0,0,0.0384615384615385,0,0.0377403279828471,0,0,0,0.0377403279828471,0.383567408
"356","SYP_P01",3,47,2.11,131.8877246,216.2140719,548.9953668,7.872754491,-0.0793500669301632,0.0676215735896452,"5",0,0,0,0,0,0,0,0,0,0,0,0,0.440838495
"357","SYP_P02",0,47,3.13,226.367378,236.8536585,652.293206,13.20884146,-0.156668195758973,0.0061506391874261,"1",0,0,0,0,0,0,0,0,0,0,0,0,0.301937092
"358","SYP_P02",0,47,3.13,226.367378,236.8536585,652.293206,13.20884146,-0.156668195758973,0.0061506391874261,"2",0,0,0,0.0384615384615385,0,0.0384615384615385,0,0,0,0.0377403279828471,0,0.0377403279828471,0.310932892
"359","SYP_P02",0,47,3.13,226.367378,236.8536585,652.293206,13.20884146,-0.156668195758973,0.0061506391874261,"3",0,0,0,0,0,0,0,0,0,0,0,0,0.308441386
"360","SYP_P02",0,47,3.13,226.367378,236.8536585,652.293206,13.20884146,-0.156668195758973,0.0061506391874261,"5",0,0,0,0.038461538,0,0.038461538,0,0,0,0.0377403275384026,0,0.0377403275384026,0.367200808
"361","SYP_P03",0,47,2.96,273.3558824,216.8411765,585.2610559,8.847058824,0.0528202714516041,0.0351208203494569,"1",0,0,0,0.115384615384615,0,0.115384615384615,0,0,0,0.109199291964992,0,0.109199291964992,0.430059014
"362","SYP_P03",0,47,2.96,273.3558824,216.8411765,585.2610559,8.847058824,0.0528202714516041,0.0351208203494569,"2",0,0.0384615384615385,0,0.0384615384615385,0,0.076923076923077,0,0.0377403279828471,0,0.0377403279828471,0,0.0741079721537219,0.397142426
"363","SYP_P03",0,47,2.96,273.3558824,216.8411765,585.2610559,8.847058824,0.0528202714516041,0.0351208203494569,"3",0,0,0,0,0,0,0,0,0,0,0,0,0.421390181
"364","SYP_P03",0,47,2.96,273.3558824,216.8411765,585.2610559,8.847058824,0.0528202714516041,0.0351208203494569,"5",0,0.038461538,0,0.038461538,0,0.076923076,0,0.0377403275384026,0,0.0377403275384026,0,0.074107971296579,0.485212934
"365","SYP_P04",7,47,1,179.6871257,241.4206587,666.5438677,16.81287425,0.115663383936451,-0.0579530006167871,"1",0,0.384615384615385,0,2.73076923076923,0,3.11538461538461,0,0.325422400434628,0,1.3166144404819,0,1.41473229644042,0.34353963
"366","SYP_P04",7,47,1,179.6871257,241.4206587,666.5438677,16.81287425,0.115663383936451,-0.0579530006167871,"2",0,0.384615384615385,0,2.15384615384615,0,2.53846153846154,0,0.325422400434628,0,1.14862270924277,0,1.26369203902756,0.371348118
"367","SYP_P04",7,47,1,179.6871257,241.4206587,666.5438677,16.81287425,0.115663383936451,-0.0579530006167871,"3",0,0.615384615384615,0,1.84615384615385,0.961538461538462,3.42307692307693,0,0.479573080261886,0,1.04596855518269,0.673729094702844,1.48683559034177,0.36141665
"368","SYP_P04",7,47,1,179.6871257,241.4206587,666.5438677,16.81287425,0.115663383936451,-0.0579530006167871,"5",0,0.384615385,0,2.153846154,0,2.538461539,0,0.325422400712406,0,1.14862270929155,0,1.26369203917973,0.415111858
